id,sentence,question,correct_answer,condition,condition_code,word_count,target_word
S001,Το διαγώνισμα το παρέδωσαν οι φοιτητές στα πρώτα δέκα λεπτά,,,ovs_a,10,10,3
S002,Το σχολείο το τελείωσε η Λία με πολύ καλούς βαθμούς,,,ovs_a,10,10,3
S003,Το καλοκαίρι το προτιμά ο Βασίλης επειδή κάθε χρόνο πάει διακοπές,,,ovs_a,10,11,3
S004,Το ρολόι το αγόρασε ο μπαμπάς  λίγο πριν παντρευτεί τη μαμά,,,ovs_a,10,11,3
S005,Το πακέτο το παρέδωσε ο ταχυδρόμος πολύ βιαστικά σήμερα το πρωί,,,ovs_a,10,11,3
S006,Το βιβλίο το αγόρασε ο Γιάννης από ένα καινούριο βιβλιοπωλείο χτες,,,ovs_a,10,11,3
S007,Το βιβλίο το αγόρασε η Χριστίνα επειδή είχε μια φοιτητική έκπτωση,,,ovs_a,10,11,3
S008,Το μήνυμα το έγραψε η Κατερίνα λίγο πριν πάει για ύπνο,,,ovs_a,10,11,3
S009,Το πορτοφόλι το βρήκε η δασκάλα πεταμένο κάτω από ένα θρανίο,,,ovs_a,10,11,3
S010,Το αμάξι το καθάρισε ο πατέρας μου πριν πάει στη Αθήνα,,,ovs_a,10,11,3
S011,Το φαγητό το παρέδωσε ο ντελιβεράς χωρίς να μου πει λέξη,,,ovs_a,10,11,3
S012,Το επιδόρπιο το έφερε ο σερβιτόρος αφού φάγαμε το κυρίως πιάτο,,,ovs_a,10,11,3
S013,Το ποτήρι το έριξε ο Βαγγέλης καταλάθος στο πάτωμα και έσπασε,,,ovs_a,10,11,3
S014,Το κολιέ το πλήρωσε η αδερφή μου επειδή δεν πληρώθηκα ακόμα,,,ovs_a,10,11,3
S015,Το βάζο το έσπασε η γάτα όταν ανέβηκε πάνω στο τραπέζι ,,,ovs_a,10,11,3
S016,Το νερό το ήπιε η Ηλιάνα όλο πριν τελειώσει την προπόνηση,,,ovs_a,10,11,3
S017,Το δωμάτιο το έκλεισε ο Αναστάσης έναν μήνα πριν πάει διακοπές,,,ovs_a,10,11,3
S018,Το αυτοκίνητο το πήγα στο συνεργείο επειδή δεν άναβε η μηχανή,,,ovs_a,10,11,3
S019,Το φαγητό το ετοίμασα από χτες επειδή σήμερα δεν έχω χρόνο,,,ovs_a,10,11,3
S020,Το ποτό το πλήρωσε ο Μιχάλης επειδή ήθελε να με κεράσει,,,ovs_a,10,11,3
S021,Το σουβενίρ το έφεραν οι γονείς μου όταν γύρισαν από τη Γαλλία,,,ovs_a,10,12,3
S022,Το τραπέζι το έφτιαξε ο Νίκος μόνος του πριν από μερικά χρόνια,,,ovs_a,10,12,3
S023,Το περιοδικό το διάβασε η Μαρία στο διάλειμμα της όσο έτρωγε μεσημεριανό,,,ovs_a,10,12,3
S024,Το τζάμι το καθάρισε ο Κώστας με το σπρέι που αγόρασε χθες,,,ovs_a,10,12,3
S025,Το τηλέφωνο το αγόρασε ο παππούς πέρσι και ακόμα δεν το συνήθισε,,,ovs_a,10,12,3
S026,Το μπουκάλι το γέμισε ο Γιάννης με νερό πριν πάει στην προπόνηση,,,ovs_a,10,12,3
S027,Το φαγητό το έφερε η γιαγιά μαζί της από το χωριό χτες,,,ovs_a,10,12,3
S028,Το στυλό το πέταξε ο Δημήτρης στα σκουπίδια όταν τελείωσε το μελάνι,,,ovs_a,10,12,3
S029,Το πληκτρολόγιο το καθάρισε ο Χρήστος όταν είδε πόση βρωμιά είχε μαζέψει,,,ovs_a,10,12,3
S030,Το δωμάτιο το καθάρισε το προσωπικό του ξενοδοχείου όσο ήμουν στην πισίνα,,,ovs_a,10,12,3
S031,Το δεκάρικο το έχασε ο Μάκης σήμερα το πρωί στο σούπερ μάρκετ,,,ovs_a,10,12,3
S032,Το τσιγάρο το έκοψε ο Μιχάλης επειδή άρχισε να βήχει κάθε μέρα,,,ovs_a,10,12,3
S033,Το σακίδιο το γέμισε ο ανιψιός μου με παιχνίδια από το καινούριο μαγαζί ,,,ovs_a,10,13,3
S034,Το πακέτο το έστειλε η μητέρα μου από τη Γερμανία για τα Χριστούγεννα,,,ovs_a,10,13,3
S035,Το παράθυρο το έσπασε η ανιψιά μου όταν έπαιζε μπάλα χτες το απόγευμα,,,ovs_a,10,13,3
S036,Το λάπτοπ το πλήρωσε η Ελένη με δόσεις επειδή δεν είχε αρκετά λεφτά,,,ovs_a,10,13,3
S037,Το γράμμα το έγραψε η δασκάλα για να έρθουν οι γονείς στην εκδήλωση,,,ovs_a,10,13,3
S038,Το σπίτι το έβαψαν οι γείτονες το καλοκαίρι και δεν πήρε πολλή ώρα,,,ovs_a,10,13,3
S039,Το λουλούδι το πότισε η μαμά σήμερα το πρωί για να μην ξεραθεί,,,ovs_a,10,13,3
S040,Το βραχιόλι το έδωσε η θεία μου στη μαμά μου πριν δέκα χρόνια,,,ovs_a,10,13,3
S041,Το κτίριο το φυλάει ένας φρουρός τα βράδια για να μη μπει κανείς,,,ovs_a,10,13,3
S042,Το όνομα το διάλεξε η φίλη μου που θα βαφτίσει το παιδί μου,,,ovs_a,10,13,3
S043,Το πρόβλημα το έλυσε η Λίτσα όταν ζήτησε βοήθεια από τη φίλη της,,,ovs_a,10,13,3
S044,Το ρούχο το έραψε η γιαγιά μου με το ύφασμα που της έστειλα,,,ovs_a,10,13,3
S045,Το βιβλίο το έβαλε η Γεωργία στην τσάντα της για να πάει στο μάθημα,,,ovs_a,10,14,3
S046,Το χάπι το πήρε η Εύα στις εφτά και μετά την ξαναπήρε ο ύπνος,,,ovs_a,10,14,3
S047,Το χαρτί το άφησε ο Νίκος πάνω στο τραπέζι για να μην το ξεχάσει,,,ovs_a,10,14,3
S048,Το λάθος το έκανε η Όλγα επειδή δεν κατάλαβε τι της είπα στο τηλέφωνο,,,ovs_a,10,14,3
S049,Το καλάθι το γέμισε ο Δημήτρης με βρώμικα ρούχα και πήγε να τα πλύνει,,,ovs_a,10,14,3
S050,Το πτυχίο το πήρε ο Μάριος πριν από μερικούς μήνες και ήδη βρήκε δουλειά,,,ovs_a,10,14,3
S051,Ο Γιάννης άργησε και το πρόγραμμα το παρουσίασε ο βοηθός του,,,ovs_b,10,11,3
S052,Επειδή εμένα μου ήταν φαρδύ το φουστάνι το φόρεσε η Χριστίνα,,,ovs_b,10,11,3
S053,Δεν χρειαζόμαστε ποτέ χάρτες επειδή το νησί το ξέρει ο Γιώργος,,,ovs_b,10,11,3
S054,Όπως και τις προηγούμενες χρονιές το δάσος το επηρέασε η ξηρασία,,,ovs_b,10,11,3
S055,Για πρώτη φορά φέτος για τα Χριστούγεννα το τραπέζι το έκανε η Κατερίνα,,,ovs_b,10,13,3
S056,Κοιμόμουν στο άλλο δωμάτιο και το τηλέφωνο το σήκωσε η Μαρία,,,ovs_b,10,11,3
S057,Ήμουν πάρα πολύ αγχωμένη και το γράμμα το άνοιξε η μαμά μου,,,ovs_b,10,12,3
S058,Ήθελα να φάω κάτι γλυκό άλλα το κέικ το έφαγε η Μαίρη,,,ovs_b,10,12,3
S059,Σύμφωνα με τον παλιό μύθο το χωριό το ονόμασε ο Δίας,,,ovs_b,10,11,3
S060,Ήθελε να φαίνεται περιποιημένος στο γάμο οπότε το κοστούμι το έφτιαξε ράφτης,,,ovs_b,10,12,3
S061,Κρύσωσα όταν βγήκα έξω επειδή το μπουφάν το δανείστηκε η αδερφή μου,,,ovs_b,10,12,3
S062,Αδυνάτισε πολύ από πέρσι και το παντελόνι το στένεψε η γιαγιά του,,,ovs_b,10,12,3
S063,Σήμερα το πρωί βιαζόμουν πολύ και το κρεβάτι το έστρωσε η μαμά,,,ovs_b,10,12,3
S064,Καλέσαμε κλειδαρά χτες το απόγευμα επειδή το κλειδί το έχασε ο Κωνσταντίνος,,,ovs_b,10,12,3
S065,Ο Νίκος κοιμόταν το μεσημέρι και το τηλέφωνο το απάντησε ο μπαμπάς,,,ovs_b,10,12,3
S066,Στο εστιατόριο που πήγαμε χτες το μενού το έφτιαξε ο κολλητός μου,,,ovs_b,10,12,3
S067,Μας είπε με πολλή περηφάνεια ότι το τσαντάκι το αγόρασε ο άντρας της ,,,ovs_b,10,13,3
S068,Σήμερα μπόρεσα να κοιμηθώ παραπάνω επειδή το μαγαζί το άνοιξε ο γιος μου,,,ovs_b,10,13,3
S069,Τις προάλλες διάβασα σε ένα βιβλίο ότι το ξυπνητήρι το εφηύρε ο Πλάτωνας,,,ovs_b,10,13,3
S070,Επειδή η μαμά ήταν στη δουλειά μέχρι αργά το βίντεο το τράβηξε ο μπαμπάς,,,ovs_b,10,14,3
S071,Καθώς φοβόμουν μην το χαλάσω εγώ το φουστάνι το έπλυνε η μαμά μου,,,ovs_b,10,13,3
S072,Όλοι ξαφνιάστηκαν που στη σχολική γιορτή το τραγούδι το είπε η ξαδέρφη μου,,,ovs_b,10,13,3
S073,Για να μαζέψει περισσότερους πόντους στην κάρτα το εισητήριο το αγόρασε η Λία,,,ovs_b,10,13,3
S074,Δεν ήθελε να ξοδέψει πολλά λεφτά και το αμάξι το έπλυνε ο Βασίλης,,,ovs_b,10,13,3
S075,Ήθελε να δοκιμάσει μια καινούρια συνταγή και το ψωμί το έφτιαξε ο Γιώργος,,,ovs_b,10,13,3
S076,Πήρα το λεωφορείο σήμερα το πρωί επειδή το ποδήλατο το χάλασε η Δέσποινα,,,ovs_b,10,13,3
S077,Η καθηγήτρια ήταν άρρωστη σήμερα οπότε το μάθημα το έκανε η βοηθός της,,,ovs_b,10,13,3
S078,Η Νίκη είναι ανήλικη ακόμα και το δικαιολογητικό το συμπλήρωσε η μαμά της,,,ovs_b,10,13,3
S079,Έχασα την κάρτα μου στο μετρό και το εισιτήριο το πλήρωσε η Ειρήνη,,,ovs_b,10,13,3
S080,Δεν πρόλαβα να τελειώσω την αναφορά και το κείμενο το ολοκλήρωσε ο Αλέξανδρος,,,ovs_b,10,13,3
S081,Δεν είχαμε τι να τους κεράσουμε επειδή το κρασί το ήπιε η θεία μου,,,ovs_b,10,14,3
S082,Δεν είχα χρόνο να πάω στο ταχυδρομείο και το δέμα το έστειλε η Ελένη,,,ovs_b,10,14,3
S083,Είχε κλείσει από μπαταρία το κινητό μου και το ταξί το κάλεσε η Χριστίνα,,,ovs_b,10,14,3
S084,Όλο το βράδυ χιόνιζε και σήμερα το πρωί το χιόνι το καθάρισε ο Χάρης,,,ovs_b,10,14,3
S085,Ήμουν πολύ κουρασμένος χθες μετά τη δουλειά και το φαγητό το μαγείρεψε η Ράνια,,,ovs_b,10,14,3
S086,Φορούσα ακουστικά και δεν άκουσα το κουδούνι οπότε το θυροτηλέφωνο το απάντησε η Γιώτα,,,ovs_b,10,14,3
S087,Δεν ήξερα πώς να φτιάξω τον υπολογιστή και το πρόβλημα το έλυσε ο τεχνικός,,,ovs_b,10,14,3
S088,Ήμουν κολλημένος στην κίνηση για μία ώρα και το φαγητό το μαγείρεψε η Ξένια,,,ovs_b,10,14,3
S089,Χάλασε ο εκτυπωτής μου χτες το πρωί και το έγγραφο το εκτύπωσε ο Μάκης,,,ovs_b,10,14,3
S090,Δεν ήθελα να πάω στην παράσταση γιατί το σενάριο το έγραψε ο πρώην μου,,,ovs_b,10,14,3
S091,Δεν πρόλαβα να πάω στο ταχυδρομείο και το γράμμα το έστειλε ο πατέρας μου,,,ovs_b,10,14,3
S092,Ο καθηγητής είχε μια σημαντική συνάντηση και το διαγώνισμα το μοίρασε η βοηθός του,,,ovs_b,10,14,3
S093,Δεν είχα σήμα στο κινητό μου και το βίντεο το ανέβασε η φίλη μου,,,ovs_b,10,14,3
S094,Δεν είχα χρόνο να πάω για ψώνια και το δώρο το αγόρασε η αδερφή μου,,,ovs_b,10,15,3
S095,Ξέχασα το πιάτο μου πάνω στο τραπέζι και το φαγητό το έφαγε ο σκύλος μου,,,ovs_b,10,15,3
S096,Εγώ δεν έχω άποψη για τη μόδα και το παπούτσι το διάλεξε η φίλη μου,,,ovs_b,10,15,3
S097,Έλειπα από το σπίτι όταν ήρθε ο ταχυδρόμος και το πακέτο το παρέλαβε ο γείτονας,,,ovs_b,10,15,3
S098,Έπρεπε να φύγω νωρίτερα από τη δουλειά οπότε το συνέδριο το ηχογράφησε η βοηθός μου,,,ovs_b,10,15,3
S099,Με ενοχλούσε το στομάχι μου μετά το φαγητό και το γλυκό το έφαγε ο Σπύρος,,,ovs_b,10,15,3
S100,Με πήρε ο ύπνος στον καναπέ όταν ξάπλωσα και το φως το έκλεισε ο Μάριος,,,ovs_b,10,15,3
S101,Όταν πήγαμε διακοπές πέρσι το πλοίο το σιχάθηκε ο Μιχάλης επειδή κουνούσε πολύ,,,ovs_ba,10,13,3
S102,Τώρα που μπήκε το καλοκαίρι το πάπλωμα το ανέβασε ο Γιάννης στη σοφίτα,,,ovs_ba,10,13,3
S103,Καθώς η Ιωάννα άπλωνε ρούχα το τραπεζομάντιλο το έβαλε ο Λευτέρης στο στεγνωτήριο,,,ovs_ba,10,13,3
S104,Ο Στέλιος έλειπε από το γραφείο και το συνέδριο το ξεκίνησε η Ράνια χωρίς αυτόν,,,ovs_ba,10,15,3
S105,Μόλις σηκώθηκα από τον καναπέ το τηλεκοντρόλ το πήρε η Καίτη και άλλαξε κανάλι,,,ovs_ba,10,14,3
S106,Όσο κοιμόμασταν το πάπλωμα το τράβηξε ο Μάριος στη μεριά του και εγώ ξεπάγιασα,,,ovs_ba,10,14,3
S107,Όλο το καλοκαίρι ζεσταινόμασταν επειδή το κλιματιστικό το εγκατέστησε ο Γιώργος και δε λειτουργούσε σωστά,,,ovs_ba,10,15,3
S108,Όσο κοιμόμουν στον καναπέ το παράθυρο το έκλεισε η μαμά μου για να μην κρυώσω,,,ovs_ba,10,15,3
S109,Καθώς καθαρίζαμε το τραπέζι το ποτήρι το έσπασε η μικρή καταλάθος και ευτυχώς δεν κόπηκε,,,ovs_ba,10,15,3
S110,Όσο συζητούσαμε στην αυλή το τραπέζι το έστρωσε ο Γιώργος μόνος του για να φάμε,,,ovs_ba,10,15,3
S111,Ενώ μελετούσα τη συνταγή το κρεμμύδι το τηγάνισε ο Βασίλης χωρίς καν να το καταλάβω,,,ovs_ba,10,15,3
S112,Η Νικολέτα ήταν στο μπάνιο και το τηλέφωνο το απάντησε η ξαδέρφη της γιατί χτύπαγε επίμονα,,,ovs_ba,10,16,3
S113,Επειδή της αρέσουν πολύ τα Χριστούγεννα το δέντρο το στόλισε η Άννα ήδη από τον Νοέμβριο,,,ovs_ba,10,16,3
S114,Επειδή ήμουν στο σούπερ μάρκετ το φαγητό το μαγείρεψε η Ελένη τελικά και βγήκε πολύ νόστιμο,,,ovs_ba,10,16,3
S115,Την ώρα που δούλευα το τηλέφωνο το σήκωσε η συνάδελφος δίπλα μου για να μην ενοχληθώ,,,ovs_ba,10,16,3
S116,Πριν φύγουμε από το σπίτι το κλιματιστικό το έκλεισε ο Μιχάλης για να μη σπαταλήσουμε ρεύμα,,,ovs_ba,10,16,3
S117,Με το που άρχισε να βρέχει το παράθυρο το έκλεισε ο Χάρης γιατί φοβάται τους κεραυνούς,,,ovs_ba,10,16,3
S118,Όταν μπήκαμε στο αεροπλάνο το σακίδιο το έβαλε η Ξένια κάτω από το μπροστινό της κάθισμα,,,ovs_ba,10,16,3
S119,Σήμερα όλοι μείναμε μέχρι αργά στο γραφείο και το τρένο το πρόλαβε η Φωτεινή τελευταία στιγμή,,,ovs_ba,10,16,3
S120,Η Βάσια έριξε τον καφέ της και το πάτωμα το σφουγγάρισε ο Χάρης που ήδη έκανε δουλειές,,,ovs_ba,10,17,3
S121,Ενώ η Δέσποινα μιλούσε στο τηλέφωνο το φαγητό το ετοίμασε η Ρένα για να φάμε όλοι μαζί,,,ovs_ba,10,17,3
S122,Ο Νίκος έλειπε από το σπίτι και το παράθυρο το έκλεισε η Άννα πριν αρχίσει η καταιγίδα,,,ovs_ba,10,17,3
S123,Πριν ξεκινήσει η παράσταση το εισιτήριο το εκτύπωσε η Άννα στο σπίτι της για να είναι σίγουρη,,,ovs_ba,10,17,3
S124,Με το που τελείωσε η τελευταία μέρα μαθημάτων το βιβλίο το πέταξε ο Γιάννης στον κάδο σκουπιδιών,,,ovs_ba,10,17,3
S125,Πριν ξεκινήσει η συνάντηση το έγγραφο το εκτύπωσε ο βοηθός μου για να το μοιράσει σε όλους,,,ovs_ba,10,17,3
S126,Όπως φεύγαμε από την καφετέρια το ποτήρι το πήρε η Βάσια μαζί της χωρίς να το καταλάβει,,,ovs_ba,10,17,3
S127,Όταν δεν κοιτούσα το κέικ το έκλεψε η γάτα από το πιάτο μου και έτρεξε να κρυφτεί,,,ovs_ba,10,17,3
S128,Όσο ετοίμαζα τη σαλάτα το ψωμί το έκοψε η Μαριάνα σε φέτες και το μοίρασε στα πιάτα,,,ovs_ba,10,17,3
S129,Μετά το δείπνο το φαγητό το σκέπασε η μητέρα μου με αλουμινόχαρτο και το έβαλε στο ψυγείο,,,ovs_ba,10,17,3
S130,Λίγες μέρες πριν πάμε διακοπές το ψυγείο το άδειασε ο Νίκος για να μη χαλάσουν τα φαγητά,,,ovs_ba,10,17,3
S131,Άργησα να ξυπνήσω επειδή το ξυπνητήρι το έκλεισε η μητέρα μου όταν το άκουσε,,,ovs_ba,10,14,3
S132,Ενώ η Γεωργία διάβαζε για το διαγώνισμα το πλυντήριο το έβαλε η αδερφή της για να τη βοηθήσει,,,ovs_ba,10,18,3
S133,Η Μαρία δούλευε όλη τη μέρα και το σπίτι το συμμάζεψε η Γιώτα για να της κάνει έκπληξη,,,ovs_ba,10,18,3
S134,Όσο η Λένα είχε πάει στο γιατρό το στεγνωτήριο το άδειασε ο Χάρης που είχε πιο πολύ χρόνο,,,ovs_ba,10,18,3
S135,Η Ελπίδα πήγε στο πανεπιστήμιο και το μάθημα το έκανε η καθηγήτρια τελικά στο zoom ,,,ovs_ba,10,15,3
S136,Όσο ο Γιάννης μιλούσε με τον υδραυλικό το ντουλάπι το άδειασε η Μυρτώ για να βρουν τη διαρροή,,,ovs_ba,10,18,3
S137,Η Σοφία δεν πρόλαβε να πάει στο ταχυδρομείο και το πακέτο το έστειλε η Μάρθα χτες το μεσημέρι,,,ovs_ba,10,18,3
S138,Δεν έβρισκε το πορτοφόλι της και το εισιτήριο το αγόρασε η Άννα λίγα λεπτά πριν φύγει το λεωφορείο ,,,ovs_ba,10,18,3
S139,Μόλις τέλειωσα την εργασία το αρχείο το αποθήκευσε η ξαδέρφη μου στον υπολογιστή της,,,ovs_ba,10,14,3
S140,Όταν μπήκα στην κουζίνα είδα ότι το ψυγείο το άφησε η Χριστίνα ανοιχτό και ζεστάθηκαν όλα τα φαγητά,,,ovs_ba,10,18,3
S141,Όσο η Μάγδα διάβαζε για το τεστ το tablet το πήρε η Γιάννα για να δει βίντεο με ακουστικά,,,ovs_ba,10,19,3
S142,Ο Κώστας καθάρισε τον κήπο και μετά το λάστιχο το μάζεψε η κόρη του για να μην σκοντάψει κανείς,,,ovs_ba,10,19,3
S143,Ξύπνησε πολύ νωρίς και το βίντεο το είδε ο Γιώργος πριν από τους φίλους του,,,ovs_ba,10,15,3
S144,Έβαψα τους τοίχους και το κάδρο το κρέμασε ο πατέρας στην είσοδο του σπιτιού για να το βλέπουν όλοι,,,ovs_ba,10,19,3
S145,Επειδή δεν ξυπνούσα με τίποτα το ξυπνητήρι το έκλεισε ο Αντρέας μέσα στα νεύρα ,,,ovs_ba,10,14,3
S146,Πριν προλάβω να δω το κινητό μου το μήνυμα το διέγραψε η Ράνια γιατί δεν ήθελε να το διαβάσω,,,ovs_ba,10,19,3
S147,Όσο η Μαρία καθάριζε την κουζίνα το τάπερ το έβαλε η Άννα στο ψυγείο για να μη χαλάσει το φαγητό,,,ovs_ba,10,20,3
S148,Πριν φύγω από το γραφείο το έγγραφο το υπέγραψε το αφεντικό μου διακριτικά για να μην το δουν οι άλλοι,,,ovs_ba,10,20,3
S149,Πριν κάτσουμε καν στο τραπέζι το ψωμί το έφαγε όλο η Μαρία γιατί της άρεσε πολύ η καινούρια μου συνταγή,,,ovs_ba,10,20,3
S150,Είχε πολλή ζέστη έξω και το παγωτό το έφαγε ο Βασίλης πριν βγει βόλτα για να μη λιώσει,,,ovs_ba,10,18,3
S151,Ήταν αφηρημένος ακούγοντας μουσική και το ατύχημα τον τρόμαξε τον Πέτρο ,,,svo_b_neut,20,11,3
S152,Είχε παρέλαση σήμερα έξω και το αεροπλάνο τον ξεκούφανε τον Θάνο,,,svo_b_neut,20,11,3
S153,Είχε πολλή ζέστη σήμερα και το κλιματιστικό την ανακούφισε τη Δανάη,,,svo_b_neut,20,11,3
S154,Δεν έφαγε καλό πρωινό και το γυμναστήριο την κούρασε τη Γιώτα,,,svo_b_neut,20,11,3
S155,Δεν είχε παραγγείλει τίποτα και το πακέτο την ξάφνιασε τη Γεωργία,,,svo_b_neut,20,11,3
S156,Είχε πολύ κύμα σήμερα και το καράβι τη ζάλισε την Ευγενία,,,svo_b_neut,20,11,3
S157,Είχε πολλή ζέστη σήμερα και το γυμναστήριο την κούρασε την Ηλιάνα,,,svo_b_neut,20,11,3
S158,Ζορίστηκε πολύ στη δουλειά σήμερα και το διάλειμμα τη χαλάρωσε τη Στέλλα ,,,svo_b_neut,20,12,3
S159,Χρωστούσε κάποια λεφτά στην τράπεζα και το τηλεφώνημα τον ανησύχησε τον Στέφανο,,,svo_b_neut,20,12,3
S160,Περίμενε νέα από τον γιατρό και το τηλεφώνημα τον άγχωσε τον Γιώργο,,,svo_b_neut,20,12,3
S161,Περπατούσε στη βροχή χωρίς ομπρέλα και το λεωφορείο τον έσωσε τον Χάρη,,,svo_b_neut,20,12,3
S162,Δυσκολευόταν να κοιμηθεί χτες βράδυ και το βιβλίο τη βοήθησε τη Μαρία,,,svo_b_neut,20,12,3
S163,Ήταν συγκεντρωμένη στη δουλειά της και το τηλέφωνο την αποσυντόνισε τη Φανή,,,svo_b_neut,20,12,3
S164,Ήταν κουρασμένη από τη δουλειά και το ντουζ την χαλάρωσε τη Βιβή,,,svo_b_neut,20,12,3
S165,Δεν ταίριαζαν σε τίποτα τελικά και το ραντεβού την ξενέρωσε την Κατερίνα,,,svo_b_neut,20,12,3
S166,Περπατούσε στον ήλιο πολλή ώρα και το νερό τον δρόσισε τον Λεωνίδα,,,svo_b_neut,20,12,3
S167,Έτρεχε να προλάβει το λεωφορείο και το φανάρι τον καθυστέρησε τον Μιχάλη,,,svo_b_neut,20,12,3
S168,Είχε φάει ήδη πάρα πολύ και το επιδόρπιο τη βάρυνε την Αλεξάνδρα,,,svo_b_neut,20,12,3
S169,Δεν κοιμήθηκε καλά το βράδυ και το μάθημα τον νανούρισε τον Γιώργο,,,svo_b_neut,20,12,3
S170,Σήμερα το πρωί ανέβασε πυρετό και το παυσίπονο τον ανακούφισε τον Θάνο,,,svo_b_neut,20,12,3
S171,Είχε πάρα πολύ κρύο σήμερα και το σκουφάκι την ζέστανε την Κατερίνα,,,svo_b_neut,20,12,3
S172,Δεν είχε διαβάσει πολύ καλά και το τεστ τον άγχωσε τον Πέτρο,,,svo_b_neut,20,12,3
S173,Είχε δουλέψει πολλές ώρες τελευταία και το τριήμερο την ξεκούρασε τη Γιάννα,,,svo_b_neut,20,12,3
S174,Πεινούσε πάρα πολύ από το πρωί και το παστίτσιο τον ενθουσίασε τον Λεωνίδα,,,svo_b_neut,20,13,3
S175,Είχε ήδη κολλήσει ώρες στην κίνηση και το φανάρι τον τσάτισε τον Μιχάλη,,,svo_b_neut,20,13,3
S176,Ήταν αγχωμένος για το ραντεβού και το τσάι τον ηρέμησε τον Δημήτρη,,,svo_b_neut,20,12,3
S177,Δεν ήξερε τι να περιμένει και τελικά το γράμμα τη συγκίνησε τη Μαρίνα,,,svo_b_neut,20,13,3
S178,Κοιμήθηκε πολύ αργά χτες το βράδυ και το ξυπνητήρι την ενόχλησε τη Γιώτα,,,svo_b_neut,20,13,3
S179,Είχε ξεχάσει να πληρώσει τον λογαριασμό και το γράμμα τον άγχωσε τον Λάμπρο,,,svo_b_neut,20,13,3
S180,Δεν είχε τελειώσει ακόμα το διαγώνισμα και το κουδούνι την άγχωσε την Ελευθερία,,,svo_b_neut,20,13,3
S181,Διάβαζε όλη νύχτα για το διαγώνισμα και το καφεδάκι τον ξύπνησε τον Θανάση,,,svo_b_neut,20,13,3
S182,Είχε έντονο πονοκέφαλο από το πρωί και το φως τον ενόχλησε τον Σταύρο,,,svo_b_neut,20,13,3
S183,Είχε πολλή ζέστη όλο το βράδυ και το αεράκι τον δρόσισε τον Βαγγέλη,,,svo_b_neut,20,13,3
S184,Ο καινούριος καθηγητής είναι πολύ αυστηρός και το μάθημα τον ζόρισε τον Νίκο,,,svo_b_neut,20,13,3
S185,Φοβόταν να ξαναπάει στον γιατρό επειδή πέρσι το εμβόλιο τον πόνεσε τον Γιαννάκη,,,svo_b_neut,20,13,3
S186,Δεν της αρέσει η γεύση φράουλα και το ζαχαρωτό την αηδίασε τη Βασιλική,,,svo_b_neut,20,13,3
S187,Ξέχασε ότι ήδη άναψε το μάτι και το τηγάνι την έκαψε την Κατερίνα,,,svo_b_neut,20,13,3
S188,Είχε πολύ κρύο όλο τον χειμώνα και το καλοριφέρ τον βοήθησε τον Κώστα,,,svo_b_neut,20,13,3
S189,Είχε χαθεί πολλή ώρα μέσα στη σπηλιά και το φως την καθοδήγησε την Πηνελόπη,,,svo_b_neut,20,14,3
S190,Είχε πολύ καιρό να πάει στο γυμναστήριο και το βαράκι την τραυμάτισε την Μαίρη,,,svo_b_neut,20,14,3
S191,Φοβόταν πως είχαμε ξεχάσει τα γενέθλιά της και το δώρο τη χαροποίησε τη Γιώτα,,,svo_b_neut,20,14,3
S192,Δεν μπορούσε να κοιμηθεί από το άγχος και το ντους τον ηρέμησε τον Κώστα,,,svo_b_neut,20,14,3
S193,Προσπαθούσε να μείνει ξύπνια όλο το βράδυ και το βιντεοπαιχνίδι τη βοήθησε τη Γιώτα,,,svo_b_neut,20,14,3
S194,Τον είχε πάρει ο ύπνος στο σαλόνι και το τηλέφωνο τον τρόμαξε τον Παναγιώτη,,,svo_b_neut,20,14,3
S195,Νόμιζε ότι είχαμε ξεχάσει τα γενέθλιά του και το πάρτι τον ενθουσίασε τον Βασίλη,,,svo_b_neut,20,14,3
S196,Δεν πρόσεξε όταν το έβαλε στο βάζο και το τριαντάφυλλο την τσίμπησε τη Μαρία,,,svo_b_neut,20,14,3
S197,Έψαχνε κάτι να τον εμπνεύσει για τη ζωγραφιά και το τοπίο τον εντυπωσίασε τον Αλέξη,,,svo_b_neut,20,15,3
S198,Νόμιζε ότι είχε βάλει το κινητό στο αθόρυβο και το μήνυμα τον ενόχλησε τον Γιάννη,,,svo_b_neut,20,15,3
S199,Δεν πρόλαβε να φάει τίποτα άλλο όλη μέρα και το πιτόγυρο την ξετρέλανε την Άννα,,,svo_b_neut,20,15,3
S200,Έψαχνε μια δικαιολογία για να φύγει από το πάρτι και το τηλεφώνημα την έσωσε τη Λένα,,,svo_b_neut,20,16,3
S201,Το σαμπουάν την αηδίασε τη Γεωργία γιατί μύριζε πολύ άσχημα,,,svo_a_neut,20,10,3
S202,Το πρόγραμμα την εκνεύρισε τη Νατάσα γιατί κολλούσε με το παραμικρό,,,svo_a_neut,20,11,3
S203,Το τεστ τον μπέρδεψε τον Μάριο γιατί έπεσαν θέματα εκτός ύλης,,,svo_a_neut,20,11,3
S204,Το αποτέλεσμα τον απογοήτευσε τον Σπύρο επειδή απέτυχε ενώ προσπάθησε πολύ,,,svo_a_neut,20,11,3
S205,Το βιβλίο τον απογοήτευσε τον Κώστα γιατί οι χαρακτήρες ήταν βαρετοί,,,svo_a_neut,20,11,3
S206,Το πιάτο την τρόμαξε την Κατερίνα γιατί έπεσε ξαφνικά από το ράφι,,,svo_a_neut,20,12,3
S207,Το λεωφορείο τον τρόμαξε τον Σταμάτη επειδή πέρασε πολύ κοντά του,,,svo_a_neut,20,11,3
S208,Το ατύχημα τον αναστάτωσε τον Κυριάκο και δεν μπορούσε να ηρεμήσει,,,svo_a_neut,20,11,3
S209,Το τηλεχειριστήριο την εκνεύρισε τη Γιώτα γιατί δεν άλλαζε το κανάλι,,,svo_a_neut,20,11,3
S210,Το κρύο την ξύπνησε τη Ρέα και σηκώθηκε να κλείσει το παράθυρο,,,svo_a_neut,20,12,3
S211,Το τηλεφώνημα τον τρόμαξε τον Ανδρέα γιατί είχε απορροφηθεί από το διάβασμα,,,svo_a_neut,20,12,3
S212,Το email την άγχωσε την Κατερίνα γιατί ήταν από το αφεντικό της,,,svo_a_neut,20,12,3
S213,Το τρακάρισμα τον σόκαρε τον Θανάση που πρώτη φορά έζησε κάτι τέτοιο,,,svo_a_neut,20,12,3
S214,Το ανέκδοτο την εκνεύρισε τη Χριστίνα γιατί το θεώρησε αγενές και προσβλητικό,,,svo_a_neut,20,12,3
S215,Το μελάνι τον λερώσε τον Θωμά την ώρα που καθάριζε τον εκτυπωτή,,,svo_a_neut,20,12,3
S216,Το παράθυρο τον τρόμαξε τον Θάνο επειδή έκλεισε απότομα από τον αέρα ,,,svo_a_neut,20,12,3
S217,Το Παρίσι την απογοήτευσε την Μαρία γιατί ήταν πολύ βρώμικο και χαοτικό,,,svo_a_neut,20,12,3
S218,Το πλυντήριο την εκνεύρισε την Εύα επειδή δεν καθάρισε καλά τα ρούχα ,,,svo_a_neut,20,12,3
S219,Το καφεδάκι τη χαλάρωσε τη Νικολέτα που είχε πολύ στρες όλη μέρα,,,svo_a_neut,20,12,3
S220,Το παυσίπονο την ανακούφισε τη Δήμητρα που είχε πονοκέφαλο εδώ και μία ώρα,,,svo_a_neut,20,13,3
S221,Το ποίημα τη συγκίνησε τη Λένα γιατί της θύμησε τα εφηβικά της χρόνια,,,svo_a_neut,20,13,3
S222,Το νέο τον ενθουσίασε τον Βασίλη γιατί περίμενε πολύ καιρό την προαγωγή του,,,svo_a_neut,20,13,3
S223,Το φαγητό τον ευχαρίστησε τον Νίκο γιατί είχε να φάει από το πρωί,,,svo_a_neut,20,13,3
S224,Το ανέκδοτο τον ενθουσίασε τον Γιώργο και γέλασε δυνατά,,,svo_a_neut,20,9,3
S225,Το παιχνίδι τον απορρόφησε τον Οδυσσέα και ξέχασε να κάνει τα μαθήματά του,,,svo_a_neut,20,13,3
S226,Το τζάκι το ζέστανε το σαλόνι πολύ γρήγορα και έβγαλα τη ζακέτα μου,,,svo_a_neut,20,13,3
S227,Το άρωμα τον ζάλισε τον Θοδωρή και βγήκε για λίγο από το δωμάτιο,,,svo_a_neut,20,13,3
S228,Το φάρμακο τη ζάλισε τη Μάγδα και αναγκάστηκε να ξαπλώσει για να ηρεμήσει,,,svo_a_neut,20,13,3
S229,Το κινητό τον απογοήτευσε τον Σταύρο γιατί κολλούσε ήδη από την πρώτη μέρα,,,svo_a_neut,20,13,3
S230,Το κείμενο την μπέρδεψε τη Μαρίνα γιατί είχε δύσκολες λέξεις και περίπλοκες προτάσεις,,,svo_a_neut,20,13,3
S231,Το εισιτήριο τον μπέρδεψε τον Θωμά γιατί δεν έγραφε τη σωστή ώρα αναχώρησης,,,svo_a_neut,20,13,3
S232,Το γράμμα την μπέρδεψε τη Ντίνα γιατί ήταν δεν ήξερε ποιος το έστειλε,,,svo_a_neut,20,13,3
S233,Το φανάρι τον καθυστέρησε τον Γιάννη και άργησε να φτάσει στο ραντεβού του,,,svo_a_neut,20,13,3
S234,Το μεσημεριανό την ξενέρωσε τη Βάσια επειδή ήταν φασολάδα που δεν της αρέσει,,,svo_a_neut,20,13,3
S235,Το διάλειμμα την ξεκούρασε την Ελένη που δούλευε από τις εφτά το πρωί,,,svo_a_neut,20,13,3
S236,Το ηχείο τον ενόχλησε τον Τάσο γιατί ήταν ακριβό και δεν είχε καλό ήχο,,,svo_a_neut,20,14,3
S237,Το σχόλιο τη στεναχώρησε τη Ζωή γιατί δεν περίμενε κάτι τέτοιο από την Καίτη,,,svo_a_neut,20,14,3
S238,Το νερό την έκαψε τη Χαρά όταν μπήκε στο ντους γιατί έτρεχε πολύ ώρα,,,svo_a_neut,20,14,3
S239,Το τραγούδι τον εκνεύρισε τον Άγγελο επειδή είχε κολλήσει στο ίδιο σημείο πολλή ώρα,,,svo_a_neut,20,14,3
S240,Το παγωτό την πείραξε τη Βιβή και πονούσε η κοιλιά της όλη τη νύχτα,,,svo_a_neut,20,14,3
S241,Το κουλούρι τον χόρτασε τον Δημήτρη επειδή ήταν πολύ μεγάλο και είχε γέμιση τυρί,,,svo_a_neut,20,14,3
S242,Το παπούτσι την χτύπησε την Χριστίνα επειδή ήταν πολύ μικρό για το πόδι της,,,svo_a_neut,20,14,3
S243,Το στεγνωτήριο τον τσάτισε τον Θάνο επειδή έκανε τρεις ώρες να στεγνώσει τα ρούχα,,,svo_a_neut,20,14,3
S244,Το φως την ξύπνησε τη Βάλια πρωί πρωί γιατί είχε ξεχάσει να κλείσει το πατζούρι,,,svo_a_neut,20,15,3
S245,Το κουδούνι την τρόμαξε τη Βίκυ ενώ μαγείρευε και της έπεσε η κουτάλα στο πάτωμα,,,svo_a_neut,20,15,3
S246,Το γλυκό την αηδίασε τη Βάσω γιατί ήταν με καρύδα που δεν της αρέσει καθόλου,,,svo_a_neut,20,15,3
S247,Το κλάμα την ξύπνησε τη Νεφέλη μέσα στη νύχτα και σηκώθηκε να ησυχάσει το μωρό,,,svo_a_neut,20,15,3
S248,Το λάδι την έκαψε τη Σταυρούλα όσο τηγάνιζε και τώρα έχει μια πληγή στο χέρι,,,svo_a_neut,20,15,3
S249,Το εμβόλιο τον πόνεσε τον Γιωργάκη πιο πολύ από ότι περίμενε και άρχισε να κλαίει ,,,svo_a_neut,20,15,3
S250,Το ποτήρι τον έκαψε τον Δημήτρη γιατί το έπιασε χωρίς να προσέξει ότι είχε μέσα τσάι,,,svo_a_neut,20,16,3
S251,Μετά την παράσταση το χειροκρότημα τον συγκίνησε τον Αλέξη και υποκλίθηκε ικανοποιημένος,,,svo_ba_neut,20,12,3
S252,Όσο διάβαζε στη βιβλιοθήκη το φως τον ενοχλούσε τον Πέτρο γιατί τρεμόπαιζε συνέχεια,,,svo_ba_neut,20,13,3
S253,Πριν φύγει για το ραντεβού το τηλεφώνημα την καθυστέρησε τη Δώρα αρκετά λεπτά,,,svo_ba_neut,20,13,3
S254,Όταν κάθισε στον καναπέ το μαξιλάρι τον αηδίασε τον Στέφανο γιατί μύριζε άσχημα,,,svo_ba_neut,20,13,3
S255,Όσο έκανε ηλιοθεραπεία το σύννεφο την εκνεύρισε τη Νεφέλη επειδή έκρυβε τον ήλιο,,,svo_ba_neut,20,13,3
S256,Το ορθογραφικό λάθος τον ζόρισε τον Αλέξη γιατί έπρεπε να διορθώσει όλα τα χαρτιά,,,svo_ba_neut,20,14,3
S257,Αφού γύρισε από το σχολείο το δώρο την περίμενε τη Χριστίνα στο δωμάτιό της ,,,svo_ba_neut,20,14,3
S258,Όταν άνοιξε το κινητό του το μήνυμα τον παραξένεψε τον Δημήτρη και απάντησε αμέσως,,,svo_ba_neut,20,14,3
S259,Όταν έφτασε σπίτι το γράμμα την ανησύχησε τη Νίκη επειδή δεν είχε καλές ειδήσεις,,,svo_ba_neut,20,14,3
S260,Μόλις άνοιξε τον υπολογιστή το email τον σόκαρε τον Αντώνη με αυτά που έγραφε,,,svo_ba_neut,20,14,3
S261,Όταν μπήκε στην αίθουσα το φως την τύφλωσε τη Σοφία και το έσβησε κατευθείαν,,,svo_ba_neut,20,14,3
S262,Ενώ μαγείρευε το μεσημέρι το τηλέφωνο την απέσπασε τη Βάσω και κάηκε το φαγητό,,,svo_ba_neut,20,14,3
S263,Όταν ξεκίνησε να βρέχει το μπουφάν την προστάτεψε τη Λένα και δε βράχηκε καθόλου,,,svo_ba_neut,20,14,3
S264,Όσο προσπαθούσε να κοιμηθεί το ρολόι τον εκνεύρισε τον Πάνο γιατί έκανε ενοχλητικό θόρυβο,,,svo_ba_neut,20,14,3
S265,Όσο τηγάνιζε πατάτες το λάδι τον έκαψε τον Γιάννη και πετάχτηκε από τον πόνο,,,svo_ba_neut,20,14,3
S266,Όσο έβαζε πλυντήριο το κουμπί την τσάτισε την Βασιλική επειδή κολλούσε και δεν πατιόταν,,,svo_ba_neut,20,14,3
S267,Όσο τακτοποιούσε την αποθήκη το χαρτόκουτο τη δυσκόλεψε τη Μαριλένα γιατί ήταν πολύ βαρύ,,,svo_ba_neut,20,14,3
S268,Στις δέκα το βράδυ το τηλέφωνο τον ενόχλησε τον Γιάννη επειδή είχε ήδη ξαπλώσει να κοιμηθεί,,,svo_ba_neut,20,16,3
S269,Όταν έφευγε από τη δουλειά το ασανσέρ την τρόμαξε την Αγγελική γιατί έκανε παράξενους ήχους,,,svo_ba_neut,20,15,3
S270,Όταν άνοιξε το ντουλάπι το κουτί τον τρόμαξε τον Λάμπρο γιατί έπεσε ξαφνικά πάνω του,,,svo_ba_neut,20,15,3
S271,Ενώ μάζευε το τραπέζι το πιάτο τον έκαψε τον Σταύρο γιατί ήταν ακόμα πολύ ζεστό,,,svo_ba_neut,20,15,3
S272,Με το που βγήκε στο μπαλκόνι το αεράκι τη δρόσισε τη Νάσια και ένιωσε καλύτερα,,,svo_ba_neut,20,15,3
S273,Πεινούσε πάρα πολύ και το φαγητό τον έκαψε τον Χρήστο γιατί δεν περίμενε να κρυώσει,,,svo_ba_neut,20,15,3
S274,Λίγο πριν σχολάσει το μήνυμα την αναστάτωσε τη Λένα επειδή της φόρτωσαν κι άλλη δουλειά,,,svo_ba_neut,20,15,3
S275,Όταν ξύπνησε σήμερα το πρωί το αεράκι την κρύωσε την Ζωή και έκλεισε το παράθυρο,,,svo_ba_neut,20,15,3
S276,Όταν πήγε στο γραφείο το κάθισμα τον παραξένεψε τον Στέφανο γιατί κάποιος το είχε χαμηλώσει,,,svo_ba_neut,20,15,3
S277,Όταν πήγε στην Ισπανία το αντηλιακό την προστάτεψε την Ελένη επειδή είχε πάρα πολύ ήλιο,,,svo_ba_neut,20,15,3
S278,Όσο έκανε γυμναστική το μαλλί την ενοχλούσε την Ιωάννα οπότε το έπιασε με ένα λαστιχάκι,,,svo_ba_neut,20,15,3
S279,Όσο περίμενε να περάσει τον δρόμο το φανάρι την εκνεύρισε την Αγγελική γιατί δε γινόταν πράσινο,,,svo_ba_neut,20,16,3
S280,Ήθελε να στείλει γρήγορα ένα email και το λογισμικό τον καθυστέρησε τον Κώστα επειδή χρειαζόταν update,,,svo_ba_neut,20,16,3
S281,Βιαζόταν να φύγει και το πουκάμισο τον εκνεύρισε τον Δημήτρη γιατί δεν μπορούσε να το κουμπώσει,,,svo_ba_neut,20,16,3
S282,Όταν βγήκε από το σπίτι το ουράνιο τόξο τη μάγεψε την Αναστασία γιατί δεν είχε ξαναδεί,,,svo_ba_neut,20,16,3
S283,Στον οδοντίατρο το σφράγισμα την πόνεσε την Γεωργία και αποφάσισε να σταματήσει να τρώει τόσα γλυκά,,,svo_ba_neut,20,16,3
S284,Είχε μήνες να πάει στο σπίτι του και το ψυγείο τον αηδίασε τον Γιάννη γιατι βρωμούσε πολύ,,,svo_ba_neut,20,17,3
S285,Ενώ περπατούσε στο κέντρο το μπουκάλι τον μούσκεψε τον Μάκη επειδή άνοιξε το καπάκι και έτρεχε νερό,,,svo_ba_neut,20,17,3
S286,Διάβαζε το βιβλίο της στην παραλία και το τέλος την ξενέρωσε τη Δήμητρα γιατί ήταν πολύ απότομο,,,svo_ba_neut,20,17,3
S287,Όταν κάθισε στο αυτοκίνητο το κάθισμα τον ενόχλησε τον Άρη γιατί κάποιος το είχε πάει πιο πίσω,,,svo_ba_neut,20,17,3
S288,Κοιμήθηκε πολύ αργά χτες και το τρυπάνι την ενόχλησε την Ευτυχία το πρωί που ήθελε να ξεκουραστεί,,,svo_ba_neut,20,17,3
S289,Την τελευταία μέρα στο σχολείο το κουδούνι τον συγκίνησε τον Λεωνίδα και δάκρυσε βγαίνοντας από την αίθουσα,,,svo_ba_neut,20,17,3
S290,Την πρώτη μέρα στη δουλειά το σύστημα την μπέρδεψε την Σταυρούλα και έπρεπε να ρωτήσει πως λειτουργεί,,,svo_ba_neut,20,17,3
S291,Όταν έφτασε στη Θεσσαλονίκη το ταξί τον χρέωσε τον Μιχάλη πολλά λεφτά γιατί ήταν τρεις το πρωί,,,svo_ba_neut,20,17,3
S292,Με το που ξεκίνησε η ταινία το φως την ενόχλησε την Ιωάννα και σηκώθηκε να τραβήξει την κουρτίνα,,,svo_ba_neut,20,18,3
S293,Διάβαζε για το τεστ και το έργο στην τηλεόραση την απέσπασε τη Νίκη και δεν μπόρεσε να συγκεντρωθεί,,,svo_ba_neut,20,18,3
S294,Καθώς σκούπιζε το σαλόνι το χαλί τον δυσκόλεψε τον Αντώνη γιατί ήταν πολύ βαρύ για να το σηκώσει,,,svo_ba_neut,20,18,3
S295,Είχε καιρό να πάει διακοπές και το ταξίδι τη χάλάρωσε την Καίτη που δεν είχε ξαναπάει στην Ιταλία,,,svo_ba_neut,20,18,3
S296,Δεν κοιμήθηκε καλά το βράδυ και το μάθημα τη ζόρισε την Πόπη γιατί έκλειναν συνέχεια τα μάτια της,,,svo_ba_neut,20,18,3
S297,Όταν έβγαλε το φαΐ από το φούρνο το ταψί τον έκαψε τον Πέτρο γιατί ξέχασε να βάλει γάντια,,,svo_ba_neut,20,18,3
S298,Πέρσι δεν είχαμε χρόνο στα γενέθλιά του οπότε φέτος το πάρτι τον ξάφνιασε τον Γρηγόρη και χάρηκε πολύ,,,svo_ba_neut,20,18,3
S299,Δεν είχαμε ξαναπάει σε αυτό το μαγαζί και το επιδόρπιο τον ξετρέλανε τον Νίκο και το έφαγε όλο,,,svo_ba_neut,20,18,3
S300,Του έδωσα το δώρο του και το περιτύλιγμα τον δυσκόλεψε τον Βαγγέλη γιατί δεν μπορούσε να το ανοίξει,,,svo_ba_neut,20,18,3
S301,Η παλιά πολυκατοικία γκρεμίστηκε από τους εργάτες χτες το απόγευμα,,,f_passive,40,10,3
S302,Ο Γιάννης χτυπήθηκε όσο έκανε ποδήλατο από έναν απρόσεχτο οδηγό,Ο Γιάννης χτυπήθηκε από τον ξάδερφο του?,ΌΧΙ,f_passive,40,10,3
S303,Το πακέτο παραδόθηκε από τον ταχυδρόμο μπροστά στην πόρτα το πρωί,,,f_passive,40,11,3
S304,Η γάτα ζεστάθηκε από τη φωτιά του τζακιού και γουργούριζε ικανοποιημένη,,,f_passive,40,11,3
S305,Το πορτοφόλι βρέθηκε από έναν περαστικό που το πήγε κατευθείαν στην αστυνομία,,,f_passive,40,12,3
S306,Η μηλιά αυτή φυτεύτηκε από την προγιαγιά μου όταν πρωτοήρθε στο χωριό,,,f_passive,40,12,3
S307,Το σπίτι στο χωριό χτίστηκε από τον παππού μου πριν από πενήντα χρόνα,,,f_passive,40,13,3
S308,Η μέση μου γιατρεύτηκε από την φυσιοθεραπεύτρια που μου έκανε μασάζ κάθε εβδομάδα,,,f_passive,40,13,3
S309,Ο Μάριος συγκινήθηκε από το βιβλίο που διάβαζε και σχεδόν έβαλε τα κλάματα,,,f_passive,40,13,3
S310,Ο Χάρης ξαφνιάστηκε από τον αδερφό του που γύρισε απρόσμενα από την Αγγλία,,,f_passive,40,13,3
S311,Ο συγγραφέας βαρέθηκε να γράφει το ίδιο βιβλίο τόσα χρόνια και το παράτησε,,,f_passive,40,13,3
S312,Ο αδερφός μου κόπηκε από τον καθηγητή του στο τελευταίο μάθημα που έδωσε,,,f_passive,40,13,3
S313,Το τσαντάκι μου σκίστηκε από το βάρος των βιβλίων που κουβαλούσα για το πανεπιστήμιο,,,f_passive,40,14,3
S314,Η Χρύσα απολύθηκε από το αφεντικό της σήμερα επειδή κάθε μέρα αργούσε στη δουλειά,Η Χρύσα απολύθηκε επειδή αργούσε στη δουλειά?,ΝΑΙ,f_passive,40,14,3
S315,Η Γιάννα βεβαιώθηκε από το αφεντικό της πως θα πάρει αύξηση αν συνεχίσει την καλή δουλειά,,,f_passive,40,16,3
S316,Ήταν η Κατερίνα που αποφάσισε να βάψουμε το σαλόνι σκούρο πράσινο,,,f_cleft,40,11,3
S317,Ήταν ο Μάριος που άρχισε ξαφνικά να ασχολείται με την κηπουρική,,,f_cleft,40,11,3
S318,Ήταν ο Στέφανος που βοήθησε τον Μπάμπη με τις ασκήσεις της χημείας,,,f_cleft,40,12,3
S319,Ήταν ο Σάκης που πήγε στη συναυλία χωρίς να ξέρει κανένα τραγούδι ,,,f_cleft,40,12,3
S320,Ήταν η Αναστασία που έπαιζε ποδόσφαιρο από τότε που ήταν στο δημοτικό,,,f_cleft,40,12,3
S321,Ήταν η Βάσω που πήρε το πρώτο βραβείο στον διαγωνισμό φυσικής του σχολείου,,,f_cleft,40,13,3
S322,Ήταν ο Πέτρος που κάλεσε τόσα άτομα στο πάρτι χωρίς να μας το πει,,,f_cleft,40,14,3
S323,Ήταν η Άννα που δεν μπορούσε να βρει τι να φορέσει στην αποφοίτησή της,,,f_cleft,40,14,3
S324,Ήταν η γάτα που έσπασε το πιάτο τελικά και όχι ο Νικόλας όπως νόμιζα,,,f_cleft,40,14,3
S325,Ήταν ο Λευτέρης που μας έδειξε αυτή την ταινία που πλέον βλέπουμε κάθε χρόνο,,,f_cleft,40,14,3
S326,Ήταν ο Χρήστος που έμαθε Γερμανικά σε έναν χρόνο για να πάει να δουλέψει,,,f_cleft,40,14,3
S327,Ήταν ο Πέτρος που με κόλλησε και τώρα έχω πυρετό και συνάχι όλη μέρα,,,f_cleft,40,14,3
S328,Ήταν η Δήμητρα που προσκάλεσε την Βάσια στο σπίτι για να πιουμε καφέ χτες,,,f_cleft,40,14,3
S329,Ήταν ο Σπύρος που μου είπε ότι είδε τη Χριστίνα στο κέντρο με καινούριο κούρεμα,,,f_cleft,40,15,3
S330,Ήταν η Ζωή που κρύφτηκε τόσο καλά όταν παίζαμε κρυφτό που κανείς δεν τη βρήκε,Η Ζωή κρύφτηκε καλά όσο παίζαμε κρυφτό?,ΝΑΙ,f_cleft,40,15,3
S331,Είδαμε την κυρία Μαρία στην παιδική χαρά με τα εγγόνια του χτες,,,f_ungrammatical,40,12,3
S332,Το ελαιόλαδο είναι σημαντικό κομμάτι της Ελληνικής διατροφή και είναι πολύ υγιεινό,,,f_ungrammatical,40,12,3
S333,Ήταν η Βάσια που ξεκίνησε να μαθαίνω Ιταλικά πριν πάει διακοπές στη Ρώμη,,,f_ungrammatical,40,13,3
S334,Την τηλεόραση την έκλεισα πριν πάω ύπνο επειδή με ενοχλεί πολύ ο θόρυβος,,,f_ungrammatical,40,13,3
S335,Η Μελίνα πήγε πρώτα στον γιατρό και μετά στο παστίτσιο γιατί πεινούσε πολύ,,,f_ungrammatical,40,13,3
S336,Χτες δεν έχω χρόνο να κάνω τα μαθήματα μου επειδή είχα πολλές ώρες προπόνηση,,,f_ungrammatical,40,14,3
S337,Τις προάλλες έμαθα ότι η εκπομπή του Πέτρου θα παρακολουθηθούν από πολλούς θεατές,,,f_ungrammatical,40,13,3
S338,Κάλεσα την Ελένη για έναν καφέ αλλά άργησε και δεν πήρε ούτε ένα τηλεφωνήματα,,,f_ungrammatical,40,14,3
S339,Ο Κώστας ρώτησε τις προάλλες γιατί δεν τον κάλεσες στο πάρτι που έκανες αύριο,,,f_ungrammatical,40,14,3
S340,Το σπίτι το καθαρίζω μαζί με τον συγκάτοικό μου τουλάχιστον μια φορά την εβδομάδας,,,f_ungrammatical,40,14,3
S341,Δεν ήθελα να γεμίσω ψύχουλα τον καναπέ οπότε πήρα ένα πιάτο για να φάνε,,,f_ungrammatical,40,14,3
S342,Έβαλα να δω μια ταινία αλλά συνειδητοποίησα ότι δεν είχα ποπ κορν να έφαγα,,,f_ungrammatical,40,14,3
S343,Ο γιος μου παντρέυτηκε πέρσι μια κοπέλα από τη Γερμανία και μαθαίνει Γερμανικός τώρα,,,f_ungrammatical,40,14,3
S344,Ο Νίκος ανέβηκε τη σκάλα τρέχοντας για να προλαβαίνει το μάθημα που είχε ήδη ξεκινήσει,,,f_ungrammatical,40,15,3
S345,Η Δήμητρα έγραψε εξετάσεις πριν από δύο μήνα και ακόμα δεν έχουν βγει τα αποτελέσματα,,,f_ungrammatical,40,15,3
S346,Τον σκούφο τον αγόρασε η Φανή από το Χριστουγεννιάτικο παζάρι πέρσι,,,f_ovsa_masc,40,11,3
S347,Τον καναπέ τον αγόρασε ο Μάριος  από ένα καινούριο μαγαζί στο κέντρο,,,f_ovsa_masc,40,12,3
S348,Τον υπολογιστή τον έφτιαξε ο Χρήστος μόνος του και γλύτωσε πολλά λεφτά,Τον υπολογιστή τον έφτιαξε ο Χρήστος μόνος του?,ΝΑΙ,f_ovsa_masc,40,12,3
S349,Τον θερμοσίφωνα τον έκλεισε ο Χάρης πριν λίγο γιατί εγώ το ξέχασα,,,f_ovsa_masc,40,12,3
S350,Τον τοίχο τον έβαψε η Ελένη μόνη της επειδή είχε πολύ χρόνο στις διακοπές,,,f_ovsa_masc,40,14,3
S351,Το ξέχασα εγώ χθες το βράδυ και τον σκουπιδοτενεκέ τον άδειασε η Ιωάννα ,,,f_ovsb_masc,40,13,3
S352,Είχε μεγάλο πάθος με τη μουσική και τον μπαγλαμά τον έφτιαξε ο παππούς μου ,,,f_ovsb_masc,40,14,3
S353,Έκατσα να φάω κατευθείαν μετά το μαγείρεμα και τον απορροφητήρα τον έκλεισε ο Θωμάς,,,f_ovsb_masc,40,14,3
S354,Ήταν άρρωστη η μετεωρολόγος του καναλιού σήμερα και τον καιρό τον είπε ο βοηθός της,,,f_ovsb_masc,40,15,3
S355,Οι γονείς του Γιάννη μας αγόρασαν ένα διαμέρισμα και τον γάμο τον πλήρωσαν οι γονείς μου,,,f_ovsb_masc,40,16,3
S356,Τον γύρο τον παρήγγηλε η Μαριάννα πριν από μία ώρα αλλά δεν έχει έρθει ακόμα,,,f_ovsba_masc,40,15,3
S357,Η κυρία Μάρω έσπασε το χέρι της και τον κήπο τον φρόντισε ο Μιχάλης για μερικούς μήνες,,,f_ovsba_masc,40,17,3
S358,Νόμιζε πως είχε γλυτώσει αλλά τον μπελά τον βρήκε η Καίτη όταν τα έμαθε η μαμά της,,,f_ovsba_masc,40,17,3
S359,Λόγω της κακοκαιρίας τον αγώνα τον είδε ο Στέφανος μόνος του στο σπίτι αντί να πάει στο καφενείο,,,f_ovsba_masc,40,18,3
S360,Δεν ήθελε να ξοδέψει λεφτά και τον φράχτη τον έβαψε ο μπαμπάς με μπογιές που περίσσεψαν από πέρσι,,,f_ovsba_masc,40,18,3
S361,Την λαμπάδα την αγόρασε η νονά μου τελευταία στιγμή επειδή το ξέχασε,,,f_ovsa_fem,40,12,3
S362,Την κλειδαριά την χάλασε η Δήμητρα επειδή γύρισε πολύ απότομα το κλειδί,,,f_ovsa_fem,40,12,3
S363,Την γλάστρα την έσπασε η γάτα μου όταν ανέβηκε στο τραπέζι απρόσεκτα και την έριξε,,,f_ovsa_fem,40,15,3
S364,Την ομπρέλα την ξέχασε ο Βαγγέλης στο σχολείο χθες επειδή το απόγευμα δεν έβρεχε άλλο,Την ομπρέλα την ξέχασε ο Βασίλης στη δουλειά?,ΌΧΙ,f_ovsa_fem,40,15,3
S365,Την φούστα την κόντυνε η γιαγιά μου επειδή μου ήταν πολύ μακριά και δεν μου άρεσε,,,f_ovsa_fem,40,16,3
S366,Επειδή ξέρει μια φοβερή συνταγή για σάλτσα την μακαρονάδα την έφτιαξε ο Γρηγόρης ,,,f_ovsb_fem,40,13,3
S367,Δεν είχα άλλη μπαταρία στο κινητό και τη φωτογραφία την ανέβασε η κολλητή μου,Τη φωτογραφία την ανέβασε η κολλητή μου?,ΝΑΙ,f_ovsb_fem,40,14,3
S368,Ο Μαρίνος συγκινήθηκε πάρα πολύ όταν έμαθε πως την τούρτα την έφτιαξε η αδερφή του,,,f_ovsb_fem,40,15,3
S369,Νόμιζα ότι είχαμε κάτι γλυκό να φάω αλλά μετά έμαθα ότι τη σοκολάτα την έφαγε ο μπαμπάς,,,f_ovsb_fem,40,17,3
S370,Η Άννα δεν ήξερε πώς να πλύνει μάλλινα ρούχα και τελικά τη ζακέτα την έπλυνε η μαμά της ,,,f_ovsb_fem,40,18,3
S371,Έκανε δίαιτα πολύ καιρό και την τούρτα τη λιγουρεύτηκε ο Γιάννης στο πάρτυ γενεθλίων που πήγε,,,f_ovsba_fem,40,16,3
S372,Όταν επέστρεψε από τη δουλειά την μπουγάδα την άπλωσε η Κατερίνα επειδή ο Γιάννης είχε βάλει πλυντήριο,,,f_ovsba_fem,40,17,3
S373,Δεν ήθελαν να χαλάσουν την έκπληξη και την τούρτα την έκρυψε ο Διονύσης στη ντουλάπα του δωματίου του,,,f_ovsba_fem,40,18,3
S374,Ο Δημήτρης φοβάται πάρα πολύ τα έντομα και την αράχνη τη σκότωσε ο Κωνσταντίνος που δεν έχει θέμα,Ο Δημήτρης φοβάται το σκοτάδι?,ΌΧΙ,f_ovsba_fem,40,18,3
S375,Στον Βασίλη δεν αρέσουν τα θρίλερ και την ταινία την είδε η Ηλιάνα μόνη της στο σινεμά χτες βράδυ,,,f_ovsba_fem,40,19,3
S376,Ο υπολογιστής το έτρεξε το πρόγραμμα χωρίς πρόβλημα επειδή είχε καλή κάρτα γραφικών,,,f_svoa_masc,40,13,3
S377,Ο διακόπτης την μπέρδεψε τη Σοφία γιατί δεν μπορούσε να καταλάβει ποιό φως ανάβει,,,f_svoa_masc,40,14,3
S378,Ο πίνακας τον συγκίνησε τον Γιώργο επειδή του θύμισε κάποια γεγονότα από την παιδική του ηλικία,,,f_svoa_masc,40,16,3
S379,Ο πλάτανος τη δρόσισε τη Μαρία γιατί έκανε πολύ μεγάλη σκιά το μεσημέρι που ήταν στο πάρκο,Η Μαρία ήταν το μεσημέρι στο σπίτι της?,ΌΧΙ,f_svoa_masc,40,17,3
S380,Ο βραστήρας το ζέστανε το νερό πολύ γρήγορα γιατί είναι πολύ καλής ποιότητας,,,f_svoa_masc,40,13,3
S381,Δεν έχει κλιματιστικό στο σπίτι και ο ανεμιστήρας την έσωσε την Άννα ,,,f_svob_masc,40,12,3
S382,Όταν είδαμε νερά στους τοίχους συνειδητοποιήσαμε ότι ο σωλήνας την έκανε τη ζημιά ,Ο σωλήνας έκανε τη ζημιά?,ΝΑΙ,f_svob_masc,40,13,3
S383,Το φαγητό θέλει ακόμα πολλή ώρα και ήδη ο απορροφητήρας τον ζάλισε τον Δημήτρη ,,,f_svob_masc,40,14,3
S384,Νόμιζα ότι κάποιος μου χτύπησε το αμάξι αλλά τελικά ο υαλοκαθαριστήρας το γρατσούνισε το τζάμι ,,,f_svob_masc,40,15,3
S385,Δεν είχαμε αρκετό χώρο να κοιμηθούμε όλοι και τελικά ο καναπές την βόλεψε την Ευτυχία,,,f_svob_masc,40,15,3
S386,Είχε καιρό να γυμναστεί και ο διάδρομος την κούρασε την Έφη και λαχάνιασε σε πέντε λεπτά,,,f_svoba_masc,40,16,3
S387,Της άρεσε πάντα να τρέχει και ο στοίβος την ενθουσίασε την Ειρήνη από όταν ήταν μικρή ,,,f_svoba_masc,40,16,3
S388, Πάλι καλά που ο φράχτης το εμπόδισε το σκυλί από το να βγει και να μου επιτεθεί ,,,f_svoba_masc,40,17,3
S389,Ο χώρος τον αηδίασε τον Μιχάλη όταν μπήκε μέσα επειδή είχε πολύ καιρό να καθαριστεί και μύριζε άσχημα,,,f_svoba_masc,40,18,3
S390,Τα μακαρόνια ήταν έτοιμα με το που ήρθες επειδή ο βραστήρας το έβρασε το νερό μέσα σε πέντε λεπτά ,,,f_svoba_masc,40,19,3
S391,Η κορνίζα την ενόχλησε τη Χριστίνα γιατί δεν χώραγε καλά η φωτογραφία,,,f_svoa_fem,40,12,3
S392,Η τηλεόραση τον μπέρδεψε τον παππού μου γιατί δεν μπορούσε να βρει τα κανάλια,Ο παππούς μπορούσε να βρει τα κανάλια?,ΌΧΙ,f_svoa_fem,40,14,3
S393,Η λάμπα την τύφλωσε τη Μαρίνα επειδή την άναψαν ξαφνικά ενώ κοιμόταν στο σαλόνι,,,f_svoa_fem,40,14,3
S394,Η καφετιέρα τον απογοήτευσε τον Κώστα γιατί δεν έβγαλε τον καφέ όπως τον ήθελε,Η καφετιέρα άρεσε στον Κώστα?,ΌΧΙ,f_svoa_fem,40,14,3
S395,Η σκούπα την τρόμαξε την Εύα επειδή άναψε μόνη της όταν έβαλε το καλώδιο στην πρίζα,,,f_svoa_fem,40,16,3
S396,Ήταν συγκεντρωμένη στο διάβασμα και η μηχανή την τρόμαξε την Ελευθερία,Η μηχανή τρόμαξε την Ελευθερία?,ΝΑΙ,f_svob_fem,40,11,3
S397,Έπεσε κάτω όσο έτρεχε στην αυλή και η λάσπη τον λέρωσε τον μικρό ,,,f_svob_fem,40,13,3
S398,Έμπαινε κρύος αέρας από την τρύπα και η σκηνή την ενοχλούσε τη Νίκη στο κάμπινγκ,,,f_svob_fem,40,15,3
S399,Ήταν πολύ βαριά για να την κουβαλήσει μόνος του και η τσάντα τον δυσκόλεψε τον Στέφανο  ,,,f_svob_fem,40,16,3
S400,Είχε ξεχάσει ότι την γέμισε μέχρι πάνω με ζεστό καφέ και η κούπα τον έκαψε τον Νίκο ,,,f_svob_fem,40,17,3
S401,Μόλις συνέδεσε τον φορτιστή του η πρίζα τον τρόμαξε τον Κώστα γιατί πετάχτηκαν σπίθες ,,,f_svoba_fem,40,14,3
S402,Όσο προσπαθούσε να δει την ταινία η οθόνη την ζάλισε τη Σοφία γιατί τρεμόπαιζε συνέχεια ,,,f_svoba_fem,40,15,3
S403,Όσο προσπαθούσε να ράψει ένα κουμπί η βελόνα τον τρύπησε τον Παύλο επειδή δεν πρόσεχε αρκετά,Η βελόνα τρύπησε τον Παύλο?,ΝΑΙ,f_svoba_fem,40,16,3
S404,Όταν γύρισε σπίτι η σακούλα τον μπέρδεψε τον Γιώργο γιατί είχε μέσα πράγματα που δεν θυμόταν να αγόρασε,,,f_svoba_fem,40,18,3
S405,Η μαμά είπε ότι η τοστιέρα τον εντυπωσίασε τον Αλέξη γιατί έψησε το ψωμί μέσα σε δύο λεπτά ,Το ψωμί ψήθηκε μέσα σε δέκα λεπτά?,ΌΧΙ,f_svoba_fem,40,18,3