trial_num,id,condition,condition_code,word_count,target_word,sentence,correct_answer
1,S322,f_cleft,40,14,3,Ήταν ο Πέτρος που κάλεσε τόσα άτομα στο πάρτι χωρίς να μας το πει,
2,S231,svo_a_neut,20,13,3,Το εισιτήριο τον μπέρδεψε τον Θωμά γιατί δεν έγραφε τη σωστή ώρα αναχώρησης,
3,S315,f_passive,40,16,3,Η Γιάννα βεβαιώθηκε από το αφεντικό της πως θα πάρει αύξηση αν συνεχίσει την καλή δουλειά,
4,S009,ovs_a,10,11,3,Το πορτοφόλι το βρήκε η δασκάλα πεταμένο κάτω από ένα θρανίο,
5,S168,svo_b_neut,20,12,3,Είχε φάει ήδη πάρα πολύ και το επιδόρπιο τη βάρυνε την Αλεξάνδρα,
6,S404,f_svoba_fem,40,18,3,Όταν γύρισε σπίτι η σακούλα τον μπέρδεψε τον Γιώργο γιατί είχε μέσα πράγματα που δεν θυμόταν να αγόρασε,
7,S252,svo_ba_neut,20,13,3,Όσο διάβαζε στη βιβλιοθήκη το φως τον ενοχλούσε τον Πέτρο γιατί τρεμόπαιζε συνέχεια,
8,S155,svo_b_neut,20,11,3,Δεν είχε παραγγείλει τίποτα και το πακέτο την ξάφνιασε τη Γεωργία,
9,S222,svo_a_neut,20,13,3,Το νέο τον ενθουσίασε τον Βασίλη γιατί περίμενε πολύ καιρό την προαγωγή του,
10,S051,ovs_b,10,11,3,Ο Γιάννης άργησε και το πρόγραμμα το παρουσίασε ο βοηθός του,
11,S044,ovs_a,10,13,3,Το ρούχο το έραψε η γιαγιά μου με το ύφασμα που της έστειλα,
12,S046,ovs_a,10,14,3,Το χάπι το πήρε η Εύα στις εφτά και μετά την ξαναπήρε ο ύπνος,
13,S162,svo_b_neut,20,12,3,Δυσκολευόταν να κοιμηθεί χτες βράδυ και το βιβλίο τη βοήθησε τη Μαρία,
14,S251,svo_ba_neut,20,12,3,Μετά την παράσταση το χειροκρότημα τον συγκίνησε τον Αλέξη και υποκλίθηκε ικανοποιημένος,
15,S153,svo_b_neut,20,11,3,Είχε πολλή ζέστη σήμερα και το κλιματιστικό την ανακούφισε τη Δανάη,
16,S016,ovs_a,10,11,3,Το νερό το ήπιε η Ηλιάνα όλο πριν τελειώσει την προπόνηση,
17,S200,svo_b_neut,20,16,3,Έψαχνε μια δικαιολογία για να φύγει από το πάρτι και το τηλεφώνημα την έσωσε τη Λένα,
18,S104,ovs_ba,10,15,3,Ο Στέλιος έλειπε από το γραφείο και το συνέδριο το ξεκίνησε η Ράνια χωρίς αυτόν,
19,S300,svo_ba_neut,20,18,3,Του έδωσα το δώρο του και το περιτύλιγμα τον δυσκόλεψε τον Βαγγέλη γιατί δεν μπορούσε να το ανοίξει,
20,S372,f_ovsba_fem,40,17,3,Όταν επέστρεψε από τη δουλειά την μπουγάδα την άπλωσε η Κατερίνα επειδή ο Γιάννης είχε βάλει πλυντήριο,
21,S380,f_svoa_masc,40,13,3,Ο βραστήρας το ζέστανε το νερό πολύ γρήγορα γιατί είναι πολύ καλής ποιότητας,
22,S146,ovs_ba,10,19,3,Πριν προλάβω να δω το κινητό μου το μήνυμα το διέγραψε η Ράνια γιατί δεν ήθελε να το διαβάσω,
23,S237,svo_a_neut,20,14,3,Το σχόλιο τη στεναχώρησε τη Ζωή γιατί δεν περίμενε κάτι τέτοιο από την Καίτη,
24,S025,ovs_a,10,12,3,Το τηλέφωνο το αγόρασε ο παππούς πέρσι και ακόμα δεν το συνήθισε,
25,S196,svo_b_neut,20,14,3,Δεν πρόσεξε όταν το έβαλε στο βάζο και το τριαντάφυλλο την τσίμπησε τη Μαρία,
26,S337,f_ungrammatical,40,13,3,Τις προάλλες έμαθα ότι η εκπομπή του Πέτρου θα παρακολουθηθούν από πολλούς θεατές,
27,S302,f_passive,40,10,3,Ο Γιάννης χτυπήθηκε όσο έκανε ποδήλατο από έναν απρόσεχτο οδηγό,
28,Q_S302,f_passive,50,10,3,Ο Γιάννης χτυπήθηκε από τον ξάδερφο του?,ΌΧΙ
28,S259,svo_ba_neut,20,14,3,Όταν έφτασε σπίτι το γράμμα την ανησύχησε τη Νίκη επειδή δεν είχε καλές ειδήσεις,
29,S229,svo_a_neut,20,13,3,Το κινητό τον απογοήτευσε τον Σταύρο γιατί κολλούσε ήδη από την πρώτη μέρα,
30,S161,svo_b_neut,20,12,3,Περπατούσε στη βροχή χωρίς ομπρέλα και το λεωφορείο τον έσωσε τον Χάρη,
31,S277,svo_ba_neut,20,15,3,Όταν πήγε στην Ισπανία το αντηλιακό την προστάτεψε την Ελένη επειδή είχε πάρα πολύ ήλιο,
32,S041,ovs_a,10,13,3,Το κτίριο το φυλάει ένας φρουρός τα βράδια για να μη μπει κανείς,
33,S048,ovs_a,10,14,3,Το λάθος το έκανε η Όλγα επειδή δεν κατάλαβε τι της είπα στο τηλέφωνο,
34,S210,svo_a_neut,20,12,3,Το κρύο την ξύπνησε τη Ρέα και σηκώθηκε να κλείσει το παράθυρο,
35,S101,ovs_ba,10,13,3,Όταν πήγαμε διακοπές πέρσι το πλοίο το σιχάθηκε ο Μιχάλης επειδή κουνούσε πολύ,
36,S106,ovs_ba,10,14,3,Όσο κοιμόμασταν το πάπλωμα το τράβηξε ο Μάριος στη μεριά του και εγώ ξεπάγιασα,
37,S208,svo_a_neut,20,11,3,Το ατύχημα τον αναστάτωσε τον Κυριάκο και δεν μπορούσε να ηρεμήσει,
38,S335,f_ungrammatical,40,13,3,Η Μελίνα πήγε πρώτα στον γιατρό και μετά στο παστίτσιο γιατί πεινούσε πολύ,
39,S269,svo_ba_neut,20,15,3,Όταν έφευγε από τη δουλειά το ασανσέρ την τρόμαξε την Αγγελική γιατί έκανε παράξενους ήχους,
40,S031,ovs_a,10,12,3,Το δεκάρικο το έχασε ο Μάκης σήμερα το πρωί στο σούπερ μάρκετ,
41,S113,ovs_ba,10,16,3,Επειδή της αρέσουν πολύ τα Χριστούγεννα το δέντρο το στόλισε η Άννα ήδη από τον Νοέμβριο,
42,S033,ovs_a,10,13,3,Το σακίδιο το γέμισε ο ανιψιός μου με παιχνίδια από το καινούριο μαγαζί ,
43,S203,svo_a_neut,20,11,3,Το τεστ τον μπέρδεψε τον Μάριο γιατί έπεσαν θέματα εκτός ύλης,
44,S199,svo_b_neut,20,15,3,Δεν πρόλαβε να φάει τίποτα άλλο όλη μέρα και το πιτόγυρο την ξετρέλανε την Άννα,
45,S271,svo_ba_neut,20,15,3,Ενώ μάζευε το τραπέζι το πιάτο τον έκαψε τον Σταύρο γιατί ήταν ακόμα πολύ ζεστό,
46,S386,f_svoba_masc,40,16,3,Είχε καιρό να γυμναστεί και ο διάδρομος την κούρασε την Έφη και λαχάνιασε σε πέντε λεπτά,
47,S228,svo_a_neut,20,13,3,Το φάρμακο τη ζάλισε τη Μάγδα και αναγκάστηκε να ξαπλώσει για να ηρεμήσει,
48,S178,svo_b_neut,20,13,3,Κοιμήθηκε πολύ αργά χτες το βράδυ και το ξυπνητήρι την ενόχλησε τη Γιώτα,
49,S131,ovs_ba,10,14,3,Άργησα να ξυπνήσω επειδή το ξυπνητήρι το έκλεισε η μητέρα μου όταν το άκουσε,
50,S390,f_svoba_masc,40,19,3,Τα μακαρόνια ήταν έτοιμα με το που ήρθες επειδή ο βραστήρας το έβρασε το νερό μέσα σε πέντε λεπτά ,
51,S030,ovs_a,10,12,3,Το δωμάτιο το καθάρισε το προσωπικό του ξενοδοχείου όσο ήμουν στην πισίνα,
52,S086,ovs_b,10,14,3,Φορούσα ακουστικά και δεν άκουσα το κουδούνι οπότε το θυροτηλέφωνο το απάντησε η Γιώτα,
53,S180,svo_b_neut,20,13,3,Δεν είχε τελειώσει ακόμα το διαγώνισμα και το κουδούνι την άγχωσε την Ελευθερία,
54,S374,f_ovsba_fem,40,18,3,Ο Δημήτρης φοβάται πάρα πολύ τα έντομα και την αράχνη τη σκότωσε ο Κωνσταντίνος που δεν έχει θέμα,
55,Q_S374,f_ovsba_fem,50,18,3,Ο Δημήτρης φοβάται το σκοτάδι?,ΌΧΙ
55,S087,ovs_b,10,14,3,Δεν ήξερα πώς να φτιάξω τον υπολογιστή και το πρόβλημα το έλυσε ο τεχνικός,
56,S310,f_passive,40,13,3,Ο Χάρης ξαφνιάστηκε από τον αδερφό του που γύρισε απρόσμενα από την Αγγλία,
57,S350,f_ovsa_masc,40,14,3,Τον τοίχο τον έβαψε η Ελένη μόνη της επειδή είχε πολύ χρόνο στις διακοπές,
58,S097,ovs_b,10,15,3,Έλειπα από το σπίτι όταν ήρθε ο ταχυδρόμος και το πακέτο το παρέλαβε ο γείτονας,
59,S214,svo_a_neut,20,12,3,Το ανέκδοτο την εκνεύρισε τη Χριστίνα γιατί το θεώρησε αγενές και προσβλητικό,
60,S349,f_ovsa_masc,40,12,3,Τον θερμοσίφωνα τον έκλεισε ο Χάρης πριν λίγο γιατί εγώ το ξέχασα,
61,S091,ovs_b,10,14,3,Δεν πρόλαβα να πάω στο ταχυδρομείο και το γράμμα το έστειλε ο πατέρας μου,
62,S325,f_cleft,40,14,3,Ήταν ο Λευτέρης που μας έδειξε αυτή την ταινία που πλέον βλέπουμε κάθε χρόνο,
63,S313,f_passive,40,14,3,Το τσαντάκι μου σκίστηκε από το βάρος των βιβλίων που κουβαλούσα για το πανεπιστήμιο,
64,S114,ovs_ba,10,16,3,Επειδή ήμουν στο σούπερ μάρκετ το φαγητό το μαγείρεψε η Ελένη τελικά και βγήκε πολύ νόστιμο,
65,S135,ovs_ba,10,15,3,Η Ελπίδα πήγε στο πανεπιστήμιο και το μάθημα το έκανε η καθηγήτρια τελικά στο zoom ,
66,S400,f_svob_fem,40,17,3,Είχε ξεχάσει ότι την γέμισε μέχρι πάνω με ζεστό καφέ και η κούπα τον έκαψε τον Νίκο ,
67,S080,ovs_b,10,13,3,Δεν πρόλαβα να τελειώσω την αναφορά και το κείμενο το ολοκλήρωσε ο Αλέξανδρος,
68,S107,ovs_ba,10,15,3,Όλο το καλοκαίρι ζεσταινόμασταν επειδή το κλιματιστικό το εγκατέστησε ο Γιώργος και δε λειτουργούσε σωστά,
69,S371,f_ovsba_fem,40,16,3,Έκανε δίαιτα πολύ καιρό και την τούρτα τη λιγουρεύτηκε ο Γιάννης στο πάρτυ γενεθλίων που πήγε,
70,S288,svo_ba_neut,20,17,3,Κοιμήθηκε πολύ αργά χτες και το τρυπάνι την ενόχλησε την Ευτυχία το πρωί που ήθελε να ξεκουραστεί,
71,S043,ovs_a,10,13,3,Το πρόβλημα το έλυσε η Λίτσα όταν ζήτησε βοήθεια από τη φίλη της,
72,S297,svo_ba_neut,20,18,3,Όταν έβγαλε το φαΐ από το φούρνο το ταψί τον έκαψε τον Πέτρο γιατί ξέχασε να βάλει γάντια,
73,S015,ovs_a,10,11,3,Το βάζο το έσπασε η γάτα όταν ανέβηκε πάνω στο τραπέζι ,
74,S096,ovs_b,10,15,3,Εγώ δεν έχω άποψη για τη μόδα και το παπούτσι το διάλεξε η φίλη μου,
75,S201,svo_a_neut,20,10,3,Το σαμπουάν την αηδίασε τη Γεωργία γιατί μύριζε πολύ άσχημα,
76,S088,ovs_b,10,14,3,Ήμουν κολλημένος στην κίνηση για μία ώρα και το φαγητό το μαγείρεψε η Ξένια,
77,S112,ovs_ba,10,16,3,Η Νικολέτα ήταν στο μπάνιο και το τηλέφωνο το απάντησε η ξαδέρφη της γιατί χτύπαγε επίμονα,
78,S037,ovs_a,10,13,3,Το γράμμα το έγραψε η δασκάλα για να έρθουν οι γονείς στην εκδήλωση,
79,S092,ovs_b,10,14,3,Ο καθηγητής είχε μια σημαντική συνάντηση και το διαγώνισμα το μοίρασε η βοηθός του,
80,S032,ovs_a,10,12,3,Το τσιγάρο το έκοψε ο Μιχάλης επειδή άρχισε να βήχει κάθε μέρα,
81,S396,f_svob_fem,40,11,3,Ήταν συγκεντρωμένη στο διάβασμα και η μηχανή την τρόμαξε την Ελευθερία,
82,Q_S396,f_svob_fem,50,11,3,Η μηχανή τρόμαξε την Ελευθερία?,ΝΑΙ
82,S298,svo_ba_neut,20,18,3,Πέρσι δεν είχαμε χρόνο στα γενέθλιά του οπότε φέτος το πάρτι τον ξάφνιασε τον Γρηγόρη και χάρηκε πολύ,
83,S245,svo_a_neut,20,15,3,Το κουδούνι την τρόμαξε τη Βίκυ ενώ μαγείρευε και της έπεσε η κουτάλα στο πάτωμα,
84,S387,f_svoba_masc,40,16,3,Της άρεσε πάντα να τρέχει και ο στοίβος την ενθουσίασε την Ειρήνη από όταν ήταν μικρή ,
85,S059,ovs_b,10,11,3,Σύμφωνα με τον παλιό μύθο το χωριό το ονόμασε ο Δίας,
86,S003,ovs_a,10,11,3,Το καλοκαίρι το προτιμά ο Βασίλης επειδή κάθε χρόνο πάει διακοπές,
87,S296,svo_ba_neut,20,18,3,Δεν κοιμήθηκε καλά το βράδυ και το μάθημα τη ζόρισε την Πόπη γιατί έκλειναν συνέχεια τα μάτια της,
88,S365,f_ovsa_fem,40,16,3,Την φούστα την κόντυνε η γιαγιά μου επειδή μου ήταν πολύ μακριά και δεν μου άρεσε,
89,S220,svo_a_neut,20,13,3,Το παυσίπονο την ανακούφισε τη Δήμητρα που είχε πονοκέφαλο εδώ και μία ώρα,
90,S260,svo_ba_neut,20,14,3,Μόλις άνοιξε τον υπολογιστή το email τον σόκαρε τον Αντώνη με αυτά που έγραφε,
91,S141,ovs_ba,10,19,3,Όσο η Μάγδα διάβαζε για το τεστ το tablet το πήρε η Γιάννα για να δει βίντεο με ακουστικά,
92,S327,f_cleft,40,14,3,Ήταν ο Πέτρος που με κόλλησε και τώρα έχω πυρετό και συνάχι όλη μέρα,
93,S378,f_svoa_masc,40,16,3,Ο πίνακας τον συγκίνησε τον Γιώργο επειδή του θύμισε κάποια γεγονότα από την παιδική του ηλικία,
94,S219,svo_a_neut,20,12,3,Το καφεδάκι τη χαλάρωσε τη Νικολέτα που είχε πολύ στρες όλη μέρα,
95,S094,ovs_b,10,15,3,Δεν είχα χρόνο να πάω για ψώνια και το δώρο το αγόρασε η αδερφή μου,
96,S118,ovs_ba,10,16,3,Όταν μπήκαμε στο αεροπλάνο το σακίδιο το έβαλε η Ξένια κάτω από το μπροστινό της κάθισμα,
97,S102,ovs_ba,10,13,3,Τώρα που μπήκε το καλοκαίρι το πάπλωμα το ανέβασε ο Γιάννης στη σοφίτα,
98,S019,ovs_a,10,11,3,Το φαγητό το ετοίμασα από χτες επειδή σήμερα δεν έχω χρόνο,
99,S254,svo_ba_neut,20,13,3,Όταν κάθισε στον καναπέ το μαξιλάρι τον αηδίασε τον Στέφανο γιατί μύριζε άσχημα,
100,S248,svo_a_neut,20,15,3,Το λάδι την έκαψε τη Σταυρούλα όσο τηγάνιζε και τώρα έχει μια πληγή στο χέρι,
101,S329,f_cleft,40,15,3,Ήταν ο Σπύρος που μου είπε ότι είδε τη Χριστίνα στο κέντρο με καινούριο κούρεμα,
102,S267,svo_ba_neut,20,14,3,Όσο τακτοποιούσε την αποθήκη το χαρτόκουτο τη δυσκόλεψε τη Μαριλένα γιατί ήταν πολύ βαρύ,
103,S098,ovs_b,10,15,3,Έπρεπε να φύγω νωρίτερα από τη δουλειά οπότε το συνέδριο το ηχογράφησε η βοηθός μου,
104,S158,svo_b_neut,20,12,3,Ζορίστηκε πολύ στη δουλειά σήμερα και το διάλειμμα τη χαλάρωσε τη Στέλλα ,
105,S122,ovs_ba,10,17,3,Ο Νίκος έλειπε από το σπίτι και το παράθυρο το έκλεισε η Άννα πριν αρχίσει η καταιγίδα,
106,S397,f_svob_fem,40,13,3,Έπεσε κάτω όσο έτρεχε στην αυλή και η λάσπη τον λέρωσε τον μικρό ,
107,S117,ovs_ba,10,16,3,Με το που άρχισε να βρέχει το παράθυρο το έκλεισε ο Χάρης γιατί φοβάται τους κεραυνούς,
108,S392,f_svoa_fem,40,14,3,Η τηλεόραση τον μπέρδεψε τον παππού μου γιατί δεν μπορούσε να βρει τα κανάλια,
109,Q_S392,f_svoa_fem,50,14,3,Ο παππούς μπορούσε να βρει τα κανάλια?,ΌΧΙ
109,S057,ovs_b,10,12,3,Ήμουν πάρα πολύ αγχωμένη και το γράμμα το άνοιξε η μαμά μου,
110,S308,f_passive,40,13,3,Η μέση μου γιατρεύτηκε από την φυσιοθεραπεύτρια που μου έκανε μασάζ κάθε εβδομάδα,
111,S184,svo_b_neut,20,13,3,Ο καινούριος καθηγητής είναι πολύ αυστηρός και το μάθημα τον ζόρισε τον Νίκο,
112,S383,f_svob_masc,40,14,3,Το φαγητό θέλει ακόμα πολλή ώρα και ήδη ο απορροφητήρας τον ζάλισε τον Δημήτρη ,
113,S078,ovs_b,10,13,3,Η Νίκη είναι ανήλικη ακόμα και το δικαιολογητικό το συμπλήρωσε η μαμά της,
114,S323,f_cleft,40,14,3,Ήταν η Άννα που δεν μπορούσε να βρει τι να φορέσει στην αποφοίτησή της,
115,S089,ovs_b,10,14,3,Χάλασε ο εκτυπωτής μου χτες το πρωί και το έγγραφο το εκτύπωσε ο Μάκης,
116,S039,ovs_a,10,13,3,Το λουλούδι το πότισε η μαμά σήμερα το πρωί για να μην ξεραθεί,
117,S002,ovs_a,10,10,3,Το σχολείο το τελείωσε η Λία με πολύ καλούς βαθμούς,
118,S079,ovs_b,10,13,3,Έχασα την κάρτα μου στο μετρό και το εισιτήριο το πλήρωσε η Ειρήνη,
119,S340,f_ungrammatical,40,14,3,Το σπίτι το καθαρίζω μαζί με τον συγκάτοικό μου τουλάχιστον μια φορά την εβδομάδας,
120,S356,f_ovsba_masc,40,15,3,Τον γύρο τον παρήγγηλε η Μαριάννα πριν από μία ώρα αλλά δεν έχει έρθει ακόμα,
121,S063,ovs_b,10,12,3,Σήμερα το πρωί βιαζόμουν πολύ και το κρεβάτι το έστρωσε η μαμά,
122,S157,svo_b_neut,20,11,3,Είχε πολλή ζέστη σήμερα και το γυμναστήριο την κούρασε την Ηλιάνα,
123,S040,ovs_a,10,13,3,Το βραχιόλι το έδωσε η θεία μου στη μαμά μου πριν δέκα χρόνια,
124,S246,svo_a_neut,20,15,3,Το γλυκό την αηδίασε τη Βάσω γιατί ήταν με καρύδα που δεν της αρέσει καθόλου,
125,S375,f_ovsba_fem,40,19,3,Στον Βασίλη δεν αρέσουν τα θρίλερ και την ταινία την είδε η Ηλιάνα μόνη της στο σινεμά χτες βράδυ,
126,S230,svo_a_neut,20,13,3,Το κείμενο την μπέρδεψε τη Μαρίνα γιατί είχε δύσκολες λέξεις και περίπλοκες προτάσεις,
127,S299,svo_ba_neut,20,18,3,Δεν είχαμε ξαναπάει σε αυτό το μαγαζί και το επιδόρπιο τον ξετρέλανε τον Νίκο και το έφαγε όλο,
128,S148,ovs_ba,10,20,3,Πριν φύγω από το γραφείο το έγγραφο το υπέγραψε το αφεντικό μου διακριτικά για να μην το δουν οι άλλοι,
129,S140,ovs_ba,10,18,3,Όταν μπήκα στην κουζίνα είδα ότι το ψυγείο το άφησε η Χριστίνα ανοιχτό και ζεστάθηκαν όλα τα φαγητά,
130,S052,ovs_b,10,11,3,Επειδή εμένα μου ήταν φαρδύ το φουστάνι το φόρεσε η Χριστίνα,
131,S065,ovs_b,10,12,3,Ο Νίκος κοιμόταν το μεσημέρι και το τηλέφωνο το απάντησε ο μπαμπάς,
132,S028,ovs_a,10,12,3,Το στυλό το πέταξε ο Δημήτρης στα σκουπίδια όταν τελείωσε το μελάνι,
133,S139,ovs_ba,10,14,3,Μόλις τέλειωσα την εργασία το αρχείο το αποθήκευσε η ξαδέρφη μου στον υπολογιστή της,
134,S393,f_svoa_fem,40,14,3,Η λάμπα την τύφλωσε τη Μαρίνα επειδή την άναψαν ξαφνικά ενώ κοιμόταν στο σαλόνι,
135,S382,f_svob_masc,40,13,3,Όταν είδαμε νερά στους τοίχους συνειδητοποιήσαμε ότι ο σωλήνας την έκανε τη ζημιά ,
136,Q_S382,f_svob_masc,50,13,3,Ο σωλήνας έκανε τη ζημιά?,ΝΑΙ
136,S331,f_ungrammatical,40,12,3,Είδαμε την κυρία Μαρία στην παιδική χαρά με τα εγγόνια του χτες,
137,S289,svo_ba_neut,20,17,3,Την τελευταία μέρα στο σχολείο το κουδούνι τον συγκίνησε τον Λεωνίδα και δάκρυσε βγαίνοντας από την αίθουσα,
138,S351,f_ovsb_masc,40,13,3,Το ξέχασα εγώ χθες το βράδυ και τον σκουπιδοτενεκέ τον άδειασε η Ιωάννα ,
139,S270,svo_ba_neut,20,15,3,Όταν άνοιξε το ντουλάπι το κουτί τον τρόμαξε τον Λάμπρο γιατί έπεσε ξαφνικά πάνω του,
140,S150,ovs_ba,10,18,3,Είχε πολλή ζέστη έξω και το παγωτό το έφαγε ο Βασίλης πριν βγει βόλτα για να μη λιώσει,
141,S090,ovs_b,10,14,3,Δεν ήθελα να πάω στην παράσταση γιατί το σενάριο το έγραψε ο πρώην μου,
142,S250,svo_a_neut,20,16,3,Το ποτήρι τον έκαψε τον Δημήτρη γιατί το έπιασε χωρίς να προσέξει ότι είχε μέσα τσάι,
143,S276,svo_ba_neut,20,15,3,Όταν πήγε στο γραφείο το κάθισμα τον παραξένεψε τον Στέφανο γιατί κάποιος το είχε χαμηλώσει,
144,S173,svo_b_neut,20,12,3,Είχε δουλέψει πολλές ώρες τελευταία και το τριήμερο την ξεκούρασε τη Γιάννα,
145,S076,ovs_b,10,13,3,Πήρα το λεωφορείο σήμερα το πρωί επειδή το ποδήλατο το χάλασε η Δέσποινα,
146,S326,f_cleft,40,14,3,Ήταν ο Χρήστος που έμαθε Γερμανικά σε έναν χρόνο για να πάει να δουλέψει,
147,S123,ovs_ba,10,17,3,Πριν ξεκινήσει η παράσταση το εισιτήριο το εκτύπωσε η Άννα στο σπίτι της για να είναι σίγουρη,
148,S286,svo_ba_neut,20,17,3,Διάβαζε το βιβλίο της στην παραλία και το τέλος την ξενέρωσε τη Δήμητρα γιατί ήταν πολύ απότομο,
149,S121,ovs_ba,10,17,3,Ενώ η Δέσποινα μιλούσε στο τηλέφωνο το φαγητό το ετοίμασε η Ρένα για να φάμε όλοι μαζί,
150,S116,ovs_ba,10,16,3,Πριν φύγουμε από το σπίτι το κλιματιστικό το έκλεισε ο Μιχάλης για να μη σπαταλήσουμε ρεύμα,
151,S128,ovs_ba,10,17,3,Όσο ετοίμαζα τη σαλάτα το ψωμί το έκοψε η Μαριάνα σε φέτες και το μοίρασε στα πιάτα,
152,S287,svo_ba_neut,20,17,3,Όταν κάθισε στο αυτοκίνητο το κάθισμα τον ενόχλησε τον Άρη γιατί κάποιος το είχε πάει πιο πίσω,
153,S167,svo_b_neut,20,12,3,Έτρεχε να προλάβει το λεωφορείο και το φανάρι τον καθυστέρησε τον Μιχάλη,
154,S344,f_ungrammatical,40,15,3,Ο Νίκος ανέβηκε τη σκάλα τρέχοντας για να προλαβαίνει το μάθημα που είχε ήδη ξεκινήσει,
155,S177,svo_b_neut,20,13,3,Δεν ήξερε τι να περιμένει και τελικά το γράμμα τη συγκίνησε τη Μαρίνα,
156,S160,svo_b_neut,20,12,3,Περίμενε νέα από τον γιατρό και το τηλεφώνημα τον άγχωσε τον Γιώργο,
157,S185,svo_b_neut,20,13,3,Φοβόταν να ξαναπάει στον γιατρό επειδή πέρσι το εμβόλιο τον πόνεσε τον Γιαννάκη,
158,S234,svo_a_neut,20,13,3,Το μεσημεριανό την ξενέρωσε τη Βάσια επειδή ήταν φασολάδα που δεν της αρέσει,
159,S232,svo_a_neut,20,13,3,Το γράμμα την μπέρδεψε τη Ντίνα γιατί ήταν δεν ήξερε ποιος το έστειλε,
160,S316,f_cleft,40,11,3,Ήταν η Κατερίνα που αποφάσισε να βάψουμε το σαλόνι σκούρο πράσινο,
161,S152,svo_b_neut,20,11,3,Είχε παρέλαση σήμερα έξω και το αεροπλάνο τον ξεκούφανε τον Θάνο,
162,S367,f_ovsb_fem,40,14,3,Δεν είχα άλλη μπαταρία στο κινητό και τη φωτογραφία την ανέβασε η κολλητή μου,
163,Q_S367,f_ovsb_fem,50,14,3,Τη φωτογραφία την ανέβασε η κολλητή μου?,ΝΑΙ
163,S115,ovs_ba,10,16,3,Την ώρα που δούλευα το τηλέφωνο το σήκωσε η συνάδελφος δίπλα μου για να μην ενοχληθώ,
164,S321,f_cleft,40,13,3,Ήταν η Βάσω που πήρε το πρώτο βραβείο στον διαγωνισμό φυσικής του σχολείου,
165,S306,f_passive,40,12,3,Η μηλιά αυτή φυτεύτηκε από την προγιαγιά μου όταν πρωτοήρθε στο χωριό,
166,S346,f_ovsa_masc,40,11,3,Τον σκούφο τον αγόρασε η Φανή από το Χριστουγεννιάτικο παζάρι πέρσι,
167,S333,f_ungrammatical,40,13,3,Ήταν η Βάσια που ξεκίνησε να μαθαίνω Ιταλικά πριν πάει διακοπές στη Ρώμη,
168,S239,svo_a_neut,20,14,3,Το τραγούδι τον εκνεύρισε τον Άγγελο επειδή είχε κολλήσει στο ίδιο σημείο πολλή ώρα,
169,S010,ovs_a,10,11,3,Το αμάξι το καθάρισε ο πατέρας μου πριν πάει στη Αθήνα,
170,S402,f_svoba_fem,40,15,3,Όσο προσπαθούσε να δει την ταινία η οθόνη την ζάλισε τη Σοφία γιατί τρεμόπαιζε συνέχεια ,
171,S172,svo_b_neut,20,12,3,Δεν είχε διαβάσει πολύ καλά και το τεστ τον άγχωσε τον Πέτρο,
172,S339,f_ungrammatical,40,14,3,Ο Κώστας ρώτησε τις προάλλες γιατί δεν τον κάλεσες στο πάρτι που έκανες αύριο,
173,S293,svo_ba_neut,20,18,3,Διάβαζε για το τεστ και το έργο στην τηλεόραση την απέσπασε τη Νίκη και δεν μπόρεσε να συγκεντρωθεί,
174,S347,f_ovsa_masc,40,12,3,Τον καναπέ τον αγόρασε ο Μάριος  από ένα καινούριο μαγαζί στο κέντρο,
175,S070,ovs_b,10,14,3,Επειδή η μαμά ήταν στη δουλειά μέχρι αργά το βίντεο το τράβηξε ο μπαμπάς,
176,S226,svo_a_neut,20,13,3,Το τζάκι το ζέστανε το σαλόνι πολύ γρήγορα και έβγαλα τη ζακέτα μου,
177,S224,svo_a_neut,20,9,3,Το ανέκδοτο τον ενθουσίασε τον Γιώργο και γέλασε δυνατά,
178,S099,ovs_b,10,15,3,Με ενοχλούσε το στομάχι μου μετά το φαγητό και το γλυκό το έφαγε ο Σπύρος,
179,S370,f_ovsb_fem,40,18,3,Η Άννα δεν ήξερε πώς να πλύνει μάλλινα ρούχα και τελικά τη ζακέτα την έπλυνε η μαμά της ,
180,S082,ovs_b,10,14,3,Δεν είχα χρόνο να πάω στο ταχυδρομείο και το δέμα το έστειλε η Ελένη,
181,S354,f_ovsb_masc,40,15,3,Ήταν άρρωστη η μετεωρολόγος του καναλιού σήμερα και τον καιρό τον είπε ο βοηθός της,
182,S136,ovs_ba,10,18,3,Όσο ο Γιάννης μιλούσε με τον υδραυλικό το ντουλάπι το άδειασε η Μυρτώ για να βρουν τη διαρροή,
183,S357,f_ovsba_masc,40,17,3,Η κυρία Μάρω έσπασε το χέρι της και τον κήπο τον φρόντισε ο Μιχάλης για μερικούς μήνες,
184,S050,ovs_a,10,14,3,Το πτυχίο το πήρε ο Μάριος πριν από μερικούς μήνες και ήδη βρήκε δουλειά,
185,S292,svo_ba_neut,20,18,3,Με το που ξεκίνησε η ταινία το φως την ενόχλησε την Ιωάννα και σηκώθηκε να τραβήξει την κουρτίνα,
186,S095,ovs_b,10,15,3,Ξέχασα το πιάτο μου πάνω στο τραπέζι και το φαγητό το έφαγε ο σκύλος μου,
187,S272,svo_ba_neut,20,15,3,Με το που βγήκε στο μπαλκόνι το αεράκι τη δρόσισε τη Νάσια και ένιωσε καλύτερα,
188,S053,ovs_b,10,11,3,Δεν χρειαζόμαστε ποτέ χάρτες επειδή το νησί το ξέρει ο Γιώργος,
189,S394,f_svoa_fem,40,14,3,Η καφετιέρα τον απογοήτευσε τον Κώστα γιατί δεν έβγαλε τον καφέ όπως τον ήθελε,
190,Q_S394,f_svoa_fem,50,14,3,Η καφετιέρα άρεσε στον Κώστα?,ΌΧΙ
190,S281,svo_ba_neut,20,16,3,Βιαζόταν να φύγει και το πουκάμισο τον εκνεύρισε τον Δημήτρη γιατί δεν μπορούσε να το κουμπώσει,
191,S247,svo_a_neut,20,15,3,Το κλάμα την ξύπνησε τη Νεφέλη μέσα στη νύχτα και σηκώθηκε να ησυχάσει το μωρό,
192,S049,ovs_a,10,14,3,Το καλάθι το γέμισε ο Δημήτρης με βρώμικα ρούχα και πήγε να τα πλύνει,
193,S149,ovs_ba,10,20,3,Πριν κάτσουμε καν στο τραπέζι το ψωμί το έφαγε όλο η Μαρία γιατί της άρεσε πολύ η καινούρια μου συνταγή,
194,S027,ovs_a,10,12,3,Το φαγητό το έφερε η γιαγιά μαζί της από το χωριό χτες,
195,S369,f_ovsb_fem,40,17,3,Νόμιζα ότι είχαμε κάτι γλυκό να φάω αλλά μετά έμαθα ότι τη σοκολάτα την έφαγε ο μπαμπάς,
196,S035,ovs_a,10,13,3,Το παράθυρο το έσπασε η ανιψιά μου όταν έπαιζε μπάλα χτες το απόγευμα,
197,S275,svo_ba_neut,20,15,3,Όταν ξύπνησε σήμερα το πρωί το αεράκι την κρύωσε την Ζωή και έκλεισε το παράθυρο,
198,S008,ovs_a,10,11,3,Το μήνυμα το έγραψε η Κατερίνα λίγο πριν πάει για ύπνο,
199,S255,svo_ba_neut,20,13,3,Όσο έκανε ηλιοθεραπεία το σύννεφο την εκνεύρισε τη Νεφέλη επειδή έκρυβε τον ήλιο,
200,S336,f_ungrammatical,40,14,3,Χτες δεν έχω χρόνο να κάνω τα μαθήματα μου επειδή είχα πολλές ώρες προπόνηση,
201,S142,ovs_ba,10,19,3,Ο Κώστας καθάρισε τον κήπο και μετά το λάστιχο το μάζεψε η κόρη του για να μην σκοντάψει κανείς,
202,S175,svo_b_neut,20,13,3,Είχε ήδη κολλήσει ώρες στην κίνηση και το φανάρι τον τσάτισε τον Μιχάλη,
203,S130,ovs_ba,10,17,3,Λίγες μέρες πριν πάμε διακοπές το ψυγείο το άδειασε ο Νίκος για να μη χαλάσουν τα φαγητά,
204,S211,svo_a_neut,20,12,3,Το τηλεφώνημα τον τρόμαξε τον Ανδρέα γιατί είχε απορροφηθεί από το διάβασμα,
205,S119,ovs_ba,10,16,3,Σήμερα όλοι μείναμε μέχρι αργά στο γραφείο και το τρένο το πρόλαβε η Φωτεινή τελευταία στιγμή,
206,S398,f_svob_fem,40,15,3,Έμπαινε κρύος αέρας από την τρύπα και η σκηνή την ενοχλούσε τη Νίκη στο κάμπινγκ,
207,S227,svo_a_neut,20,13,3,Το άρωμα τον ζάλισε τον Θοδωρή και βγήκε για λίγο από το δωμάτιο,
208,S363,f_ovsa_fem,40,15,3,Την γλάστρα την έσπασε η γάτα μου όταν ανέβηκε στο τραπέζι απρόσεκτα και την έριξε,
209,S377,f_svoa_masc,40,14,3,Ο διακόπτης την μπέρδεψε τη Σοφία γιατί δεν μπορούσε να καταλάβει ποιό φως ανάβει,
210,S156,svo_b_neut,20,11,3,Είχε πολύ κύμα σήμερα και το καράβι τη ζάλισε την Ευγενία,
211,S124,ovs_ba,10,17,3,Με το που τελείωσε η τελευταία μέρα μαθημάτων το βιβλίο το πέταξε ο Γιάννης στον κάδο σκουπιδιών,
212,S143,ovs_ba,10,15,3,Ξύπνησε πολύ νωρίς και το βίντεο το είδε ο Γιώργος πριν από τους φίλους του,
213,S206,svo_a_neut,20,12,3,Το πιάτο την τρόμαξε την Κατερίνα γιατί έπεσε ξαφνικά από το ράφι,
214,S004,ovs_a,10,11,3,Το ρολόι το αγόρασε ο μπαμπάς  λίγο πριν παντρευτεί τη μαμά,
215,S263,svo_ba_neut,20,14,3,Όταν ξεκίνησε να βρέχει το μπουφάν την προστάτεψε τη Λένα και δε βράχηκε καθόλου,
216,S364,f_ovsa_fem,40,15,3,Την ομπρέλα την ξέχασε ο Βαγγέλης στο σχολείο χθες επειδή το απόγευμα δεν έβρεχε άλλο,
217,Q_S364,f_ovsa_fem,50,15,3,Την ομπρέλα την ξέχασε ο Βασίλης στη δουλειά?,ΌΧΙ
217,S268,svo_ba_neut,20,16,3,Στις δέκα το βράδυ το τηλέφωνο τον ενόχλησε τον Γιάννη επειδή είχε ήδη ξαπλώσει να κοιμηθεί,
218,S077,ovs_b,10,13,3,Η καθηγήτρια ήταν άρρωστη σήμερα οπότε το μάθημα το έκανε η βοηθός της,
219,S295,svo_ba_neut,20,18,3,Είχε καιρό να πάει διακοπές και το ταξίδι τη χάλάρωσε την Καίτη που δεν είχε ξαναπάει στην Ιταλία,
220,S359,f_ovsba_masc,40,18,3,Λόγω της κακοκαιρίας τον αγώνα τον είδε ο Στέφανος μόνος του στο σπίτι αντί να πάει στο καφενείο,
221,S014,ovs_a,10,11,3,Το κολιέ το πλήρωσε η αδερφή μου επειδή δεν πληρώθηκα ακόμα,
222,S145,ovs_ba,10,14,3,Επειδή δεν ξυπνούσα με τίποτα το ξυπνητήρι το έκλεισε ο Αντρέας μέσα στα νεύρα ,
223,S342,f_ungrammatical,40,14,3,Έβαλα να δω μια ταινία αλλά συνειδητοποίησα ότι δεν είχα ποπ κορν να έφαγα,
224,S194,svo_b_neut,20,14,3,Τον είχε πάρει ο ύπνος στο σαλόνι και το τηλέφωνο τον τρόμαξε τον Παναγιώτη,
225,S238,svo_a_neut,20,14,3,Το νερό την έκαψε τη Χαρά όταν μπήκε στο ντους γιατί έτρεχε πολύ ώρα,
226,S183,svo_b_neut,20,13,3,Είχε πολλή ζέστη όλο το βράδυ και το αεράκι τον δρόσισε τον Βαγγέλη,
227,S381,f_svob_masc,40,12,3,Δεν έχει κλιματιστικό στο σπίτι και ο ανεμιστήρας την έσωσε την Άννα ,
228,S137,ovs_ba,10,18,3,Η Σοφία δεν πρόλαβε να πάει στο ταχυδρομείο και το πακέτο το έστειλε η Μάρθα χτες το μεσημέρι,
229,S021,ovs_a,10,12,3,Το σουβενίρ το έφεραν οι γονείς μου όταν γύρισαν από τη Γαλλία,
230,S171,svo_b_neut,20,12,3,Είχε πάρα πολύ κρύο σήμερα και το σκουφάκι την ζέστανε την Κατερίνα,
231,S055,ovs_b,10,13,3,Για πρώτη φορά φέτος για τα Χριστούγεννα το τραπέζι το έκανε η Κατερίνα,
232,S278,svo_ba_neut,20,15,3,Όσο έκανε γυμναστική το μαλλί την ενοχλούσε την Ιωάννα οπότε το έπιασε με ένα λαστιχάκι,
233,S225,svo_a_neut,20,13,3,Το παιχνίδι τον απορρόφησε τον Οδυσσέα και ξέχασε να κάνει τα μαθήματά του,
234,S376,f_svoa_masc,40,13,3,Ο υπολογιστής το έτρεξε το πρόγραμμα χωρίς πρόβλημα επειδή είχε καλή κάρτα γραφικών,
235,S240,svo_a_neut,20,14,3,Το παγωτό την πείραξε τη Βιβή και πονούσε η κοιλιά της όλη τη νύχτα,
236,S332,f_ungrammatical,40,12,3,Το ελαιόλαδο είναι σημαντικό κομμάτι της Ελληνικής διατροφή και είναι πολύ υγιεινό,
237,S338,f_ungrammatical,40,14,3,Κάλεσα την Ελένη για έναν καφέ αλλά άργησε και δεν πήρε ούτε ένα τηλεφωνήματα,
238,S305,f_passive,40,12,3,Το πορτοφόλι βρέθηκε από έναν περαστικό που το πήγε κατευθείαν στην αστυνομία,
239,S324,f_cleft,40,14,3,Ήταν η γάτα που έσπασε το πιάτο τελικά και όχι ο Νικόλας όπως νόμιζα,
240,S186,svo_b_neut,20,13,3,Δεν της αρέσει η γεύση φράουλα και το ζαχαρωτό την αηδίασε τη Βασιλική,
241,S242,svo_a_neut,20,14,3,Το παπούτσι την χτύπησε την Χριστίνα επειδή ήταν πολύ μικρό για το πόδι της,
242,S125,ovs_ba,10,17,3,Πριν ξεκινήσει η συνάντηση το έγγραφο το εκτύπωσε ο βοηθός μου για να το μοιράσει σε όλους,
243,S330,f_cleft,40,15,3,Ήταν η Ζωή που κρύφτηκε τόσο καλά όταν παίζαμε κρυφτό που κανείς δεν τη βρήκε,
244,Q_S330,f_cleft,50,15,3,Η Ζωή κρύφτηκε καλά όσο παίζαμε κρυφτό?,ΝΑΙ
244,S233,svo_a_neut,20,13,3,Το φανάρι τον καθυστέρησε τον Γιάννη και άργησε να φτάσει στο ραντεβού του,
245,S072,ovs_b,10,13,3,Όλοι ξαφνιάστηκαν που στη σχολική γιορτή το τραγούδι το είπε η ξαδέρφη μου,
246,S129,ovs_ba,10,17,3,Μετά το δείπνο το φαγητό το σκέπασε η μητέρα μου με αλουμινόχαρτο και το έβαλε στο ψυγείο,
247,S038,ovs_a,10,13,3,Το σπίτι το έβαψαν οι γείτονες το καλοκαίρι και δεν πήρε πολλή ώρα,
248,S190,svo_b_neut,20,14,3,Είχε πολύ καιρό να πάει στο γυμναστήριο και το βαράκι την τραυμάτισε την Μαίρη,
249,S261,svo_ba_neut,20,14,3,Όταν μπήκε στην αίθουσα το φως την τύφλωσε τη Σοφία και το έσβησε κατευθείαν,
250,S312,f_passive,40,13,3,Ο αδερφός μου κόπηκε από τον καθηγητή του στο τελευταίο μάθημα που έδωσε,
251,S264,svo_ba_neut,20,14,3,Όσο προσπαθούσε να κοιμηθεί το ρολόι τον εκνεύρισε τον Πάνο γιατί έκανε ενοχλητικό θόρυβο,
252,S120,ovs_ba,10,17,3,Η Βάσια έριξε τον καφέ της και το πάτωμα το σφουγγάρισε ο Χάρης που ήδη έκανε δουλειές,
253,S071,ovs_b,10,13,3,Καθώς φοβόμουν μην το χαλάσω εγώ το φουστάνι το έπλυνε η μαμά μου,
254,S311,f_passive,40,13,3,Ο συγγραφέας βαρέθηκε να γράφει το ίδιο βιβλίο τόσα χρόνια και το παράτησε,
255,S362,f_ovsa_fem,40,12,3,Την κλειδαριά την χάλασε η Δήμητρα επειδή γύρισε πολύ απότομα το κλειδί,
256,S373,f_ovsba_fem,40,18,3,Δεν ήθελαν να χαλάσουν την έκπληξη και την τούρτα την έκρυψε ο Διονύσης στη ντουλάπα του δωματίου του,
257,S083,ovs_b,10,14,3,Είχε κλείσει από μπαταρία το κινητό μου και το ταξί το κάλεσε η Χριστίνα,
258,S280,svo_ba_neut,20,16,3,Ήθελε να στείλει γρήγορα ένα email και το λογισμικό τον καθυστέρησε τον Κώστα επειδή χρειαζόταν update,
259,S181,svo_b_neut,20,13,3,Διάβαζε όλη νύχτα για το διαγώνισμα και το καφεδάκι τον ξύπνησε τον Θανάση,
260,S284,svo_ba_neut,20,17,3,Είχε μήνες να πάει στο σπίτι του και το ψυγείο τον αηδίασε τον Γιάννη γιατι βρωμούσε πολύ,
261,S061,ovs_b,10,12,3,Κρύσωσα όταν βγήκα έξω επειδή το μπουφάν το δανείστηκε η αδερφή μου,
262,S054,ovs_b,10,11,3,Όπως και τις προηγούμενες χρονιές το δάσος το επηρέασε η ξηρασία,
263,S042,ovs_a,10,13,3,Το όνομα το διάλεξε η φίλη μου που θα βαφτίσει το παιδί μου,
264,S401,f_svoba_fem,40,14,3,Μόλις συνέδεσε τον φορτιστή του η πρίζα τον τρόμαξε τον Κώστα γιατί πετάχτηκαν σπίθες ,
265,S073,ovs_b,10,13,3,Για να μαζέψει περισσότερους πόντους στην κάρτα το εισητήριο το αγόρασε η Λία,
266,S192,svo_b_neut,20,14,3,Δεν μπορούσε να κοιμηθεί από το άγχος και το ντους τον ηρέμησε τον Κώστα,
267,S291,svo_ba_neut,20,17,3,Όταν έφτασε στη Θεσσαλονίκη το ταξί τον χρέωσε τον Μιχάλη πολλά λεφτά γιατί ήταν τρεις το πρωί,
268,S176,svo_b_neut,20,12,3,Ήταν αγχωμένος για το ραντεβού και το τσάι τον ηρέμησε τον Δημήτρη,
269,S022,ovs_a,10,12,3,Το τραπέζι το έφτιαξε ο Νίκος μόνος του πριν από μερικά χρόνια,
270,S405,f_svoba_fem,40,18,3,Η μαμά είπε ότι η τοστιέρα τον εντυπωσίασε τον Αλέξη γιατί έψησε το ψωμί μέσα σε δύο λεπτά ,
271,Q_S405,f_svoba_fem,50,18,3,Το ψωμί ψήθηκε μέσα σε δέκα λεπτά?,ΌΧΙ
271,S127,ovs_ba,10,17,3,Όταν δεν κοιτούσα το κέικ το έκλεψε η γάτα από το πιάτο μου και έτρεξε να κρυφτεί,
272,S069,ovs_b,10,13,3,Τις προάλλες διάβασα σε ένα βιβλίο ότι το ξυπνητήρι το εφηύρε ο Πλάτωνας,
273,S212,svo_a_neut,20,12,3,Το email την άγχωσε την Κατερίνα γιατί ήταν από το αφεντικό της,
274,S013,ovs_a,10,11,3,Το ποτήρι το έριξε ο Βαγγέλης καταλάθος στο πάτωμα και έσπασε,
275,S105,ovs_ba,10,14,3,Μόλις σηκώθηκα από τον καναπέ το τηλεκοντρόλ το πήρε η Καίτη και άλλαξε κανάλι,
276,S218,svo_a_neut,20,12,3,Το πλυντήριο την εκνεύρισε την Εύα επειδή δεν καθάρισε καλά τα ρούχα ,
277,S328,f_cleft,40,14,3,Ήταν η Δήμητρα που προσκάλεσε την Βάσια στο σπίτι για να πιουμε καφέ χτες,
278,S189,svo_b_neut,20,14,3,Είχε χαθεί πολλή ώρα μέσα στη σπηλιά και το φως την καθοδήγησε την Πηνελόπη,
279,S164,svo_b_neut,20,12,3,Ήταν κουρασμένη από τη δουλειά και το ντουζ την χαλάρωσε τη Βιβή,
280,S334,f_ungrammatical,40,13,3,Την τηλεόραση την έκλεισα πριν πάω ύπνο επειδή με ενοχλεί πολύ ο θόρυβος,
281,S391,f_svoa_fem,40,12,3,Η κορνίζα την ενόχλησε τη Χριστίνα γιατί δεν χώραγε καλά η φωτογραφία,
282,S147,ovs_ba,10,20,3,Όσο η Μαρία καθάριζε την κουζίνα το τάπερ το έβαλε η Άννα στο ψυγείο για να μη χαλάσει το φαγητό,
283,S108,ovs_ba,10,15,3,Όσο κοιμόμουν στον καναπέ το παράθυρο το έκλεισε η μαμά μου για να μην κρυώσω,
284,S241,svo_a_neut,20,14,3,Το κουλούρι τον χόρτασε τον Δημήτρη επειδή ήταν πολύ μεγάλο και είχε γέμιση τυρί,
285,S179,svo_b_neut,20,13,3,Είχε ξεχάσει να πληρώσει τον λογαριασμό και το γράμμα τον άγχωσε τον Λάμπρο,
286,S235,svo_a_neut,20,13,3,Το διάλειμμα την ξεκούρασε την Ελένη που δούλευε από τις εφτά το πρωί,
287,S294,svo_ba_neut,20,18,3,Καθώς σκούπιζε το σαλόνι το χαλί τον δυσκόλεψε τον Αντώνη γιατί ήταν πολύ βαρύ για να το σηκώσει,
288,S266,svo_ba_neut,20,14,3,Όσο έβαζε πλυντήριο το κουμπί την τσάτισε την Βασιλική επειδή κολλούσε και δεν πατιόταν,
289,S067,ovs_b,10,13,3,Μας είπε με πολλή περηφάνεια ότι το τσαντάκι το αγόρασε ο άντρας της ,
290,S134,ovs_ba,10,18,3,Όσο η Λένα είχε πάει στο γιατρό το στεγνωτήριο το άδειασε ο Χάρης που είχε πιο πολύ χρόνο,
291,S285,svo_ba_neut,20,17,3,Ενώ περπατούσε στο κέντρο το μπουκάλι τον μούσκεψε τον Μάκη επειδή άνοιξε το καπάκι και έτρεχε νερό,
292,S109,ovs_ba,10,15,3,Καθώς καθαρίζαμε το τραπέζι το ποτήρι το έσπασε η μικρή καταλάθος και ευτυχώς δεν κόπηκε,
293,S217,svo_a_neut,20,12,3,Το Παρίσι την απογοήτευσε την Μαρία γιατί ήταν πολύ βρώμικο και χαοτικό,
294,S166,svo_b_neut,20,12,3,Περπατούσε στον ήλιο πολλή ώρα και το νερό τον δρόσισε τον Λεωνίδα,
295,S204,svo_a_neut,20,11,3,Το αποτέλεσμα τον απογοήτευσε τον Σπύρο επειδή απέτυχε ενώ προσπάθησε πολύ,
296,S034,ovs_a,10,13,3,Το πακέτο το έστειλε η μητέρα μου από τη Γερμανία για τα Χριστούγεννα,
297,S403,f_svoba_fem,40,16,3,Όσο προσπαθούσε να ράψει ένα κουμπί η βελόνα τον τρύπησε τον Παύλο επειδή δεν πρόσεχε αρκετά,
298,Q_S403,f_svoba_fem,50,16,3,Η βελόνα τρύπησε τον Παύλο?,ΝΑΙ
298,S304,f_passive,40,11,3,Η γάτα ζεστάθηκε από τη φωτιά του τζακιού και γουργούριζε ικανοποιημένη,
299,S182,svo_b_neut,20,13,3,Είχε έντονο πονοκέφαλο από το πρωί και το φως τον ενόχλησε τον Σταύρο,
300,S084,ovs_b,10,14,3,Όλο το βράδυ χιόνιζε και σήμερα το πρωί το χιόνι το καθάρισε ο Χάρης,
301,S012,ovs_a,10,11,3,Το επιδόρπιο το έφερε ο σερβιτόρος αφού φάγαμε το κυρίως πιάτο,
302,S159,svo_b_neut,20,12,3,Χρωστούσε κάποια λεφτά στην τράπεζα και το τηλεφώνημα τον ανησύχησε τον Στέφανο,
303,S060,ovs_b,10,12,3,Ήθελε να φαίνεται περιποιημένος στο γάμο οπότε το κοστούμι το έφτιαξε ράφτης,
304,S198,svo_b_neut,20,15,3,Νόμιζε ότι είχε βάλει το κινητό στο αθόρυβο και το μήνυμα τον ενόχλησε τον Γιάννη,
305,S215,svo_a_neut,20,12,3,Το μελάνι τον λερώσε τον Θωμά την ώρα που καθάριζε τον εκτυπωτή,
306,S132,ovs_ba,10,18,3,Ενώ η Γεωργία διάβαζε για το διαγώνισμα το πλυντήριο το έβαλε η αδερφή της για να τη βοηθήσει,
307,S047,ovs_a,10,14,3,Το χαρτί το άφησε ο Νίκος πάνω στο τραπέζι για να μην το ξεχάσει,
308,S282,svo_ba_neut,20,16,3,Όταν βγήκε από το σπίτι το ουράνιο τόξο τη μάγεψε την Αναστασία γιατί δεν είχε ξαναδεί,
309,S007,ovs_a,10,11,3,Το βιβλίο το αγόρασε η Χριστίνα επειδή είχε μια φοιτητική έκπτωση,
310,S319,f_cleft,40,12,3,Ήταν ο Σάκης που πήγε στη συναυλία χωρίς να ξέρει κανένα τραγούδι ,
311,S262,svo_ba_neut,20,14,3,Ενώ μαγείρευε το μεσημέρι το τηλέφωνο την απέσπασε τη Βάσω και κάηκε το φαγητό,
312,S062,ovs_b,10,12,3,Αδυνάτισε πολύ από πέρσι και το παντελόνι το στένεψε η γιαγιά του,
313,S064,ovs_b,10,12,3,Καλέσαμε κλειδαρά χτες το απόγευμα επειδή το κλειδί το έχασε ο Κωνσταντίνος,
314,S244,svo_a_neut,20,15,3,Το φως την ξύπνησε τη Βάλια πρωί πρωί γιατί είχε ξεχάσει να κλείσει το πατζούρι,
315,S193,svo_b_neut,20,14,3,Προσπαθούσε να μείνει ξύπνια όλο το βράδυ και το βιντεοπαιχνίδι τη βοήθησε τη Γιώτα,
316,S223,svo_a_neut,20,13,3,Το φαγητό τον ευχαρίστησε τον Νίκο γιατί είχε να φάει από το πρωί,
317,S081,ovs_b,10,14,3,Δεν είχαμε τι να τους κεράσουμε επειδή το κρασί το ήπιε η θεία μου,
318,S103,ovs_ba,10,13,3,Καθώς η Ιωάννα άπλωνε ρούχα το τραπεζομάντιλο το έβαλε ο Λευτέρης στο στεγνωτήριο,
319,S100,ovs_b,10,15,3,Με πήρε ο ύπνος στον καναπέ όταν ξάπλωσα και το φως το έκλεισε ο Μάριος,
320,S353,f_ovsb_masc,40,14,3,Έκατσα να φάω κατευθείαν μετά το μαγείρεμα και τον απορροφητήρα τον έκλεισε ο Θωμάς,
321,S197,svo_b_neut,20,15,3,Έψαχνε κάτι να τον εμπνεύσει για τη ζωγραφιά και το τοπίο τον εντυπωσίασε τον Αλέξη,
322,S163,svo_b_neut,20,12,3,Ήταν συγκεντρωμένη στη δουλειά της και το τηλέφωνο την αποσυντόνισε τη Φανή,
323,S005,ovs_a,10,11,3,Το πακέτο το παρέδωσε ο ταχυδρόμος πολύ βιαστικά σήμερα το πρωί,
324,S379,f_svoa_masc,40,17,3,Ο πλάτανος τη δρόσισε τη Μαρία γιατί έκανε πολύ μεγάλη σκιά το μεσημέρι που ήταν στο πάρκο,
325,Q_S379,f_svoa_masc,50,17,3,Η Μαρία ήταν το μεσημέρι στο σπίτι της?,ΌΧΙ
325,S188,svo_b_neut,20,13,3,Είχε πολύ κρύο όλο τον χειμώνα και το καλοριφέρ τον βοήθησε τον Κώστα,
326,S395,f_svoa_fem,40,16,3,Η σκούπα την τρόμαξε την Εύα επειδή άναψε μόνη της όταν έβαλε το καλώδιο στην πρίζα,
327,S243,svo_a_neut,20,14,3,Το στεγνωτήριο τον τσάτισε τον Θάνο επειδή έκανε τρεις ώρες να στεγνώσει τα ρούχα,
328,S388,f_svoba_masc,40,17,3, Πάλι καλά που ο φράχτης το εμπόδισε το σκυλί από το να βγει και να μου επιτεθεί ,
329,S165,svo_b_neut,20,12,3,Δεν ταίριαζαν σε τίποτα τελικά και το ραντεβού την ξενέρωσε την Κατερίνα,
330,S066,ovs_b,10,12,3,Στο εστιατόριο που πήγαμε χτες το μενού το έφτιαξε ο κολλητός μου,
331,S045,ovs_a,10,14,3,Το βιβλίο το έβαλε η Γεωργία στην τσάντα της για να πάει στο μάθημα,
332,S341,f_ungrammatical,40,14,3,Δεν ήθελα να γεμίσω ψύχουλα τον καναπέ οπότε πήρα ένα πιάτο για να φάνε,
333,S111,ovs_ba,10,15,3,Ενώ μελετούσα τη συνταγή το κρεμμύδι το τηγάνισε ο Βασίλης χωρίς καν να το καταλάβω,
334,S352,f_ovsb_masc,40,14,3,Είχε μεγάλο πάθος με τη μουσική και τον μπαγλαμά τον έφτιαξε ο παππούς μου ,
335,S110,ovs_ba,10,15,3,Όσο συζητούσαμε στην αυλή το τραπέζι το έστρωσε ο Γιώργος μόνος του για να φάμε,
336,S283,svo_ba_neut,20,16,3,Στον οδοντίατρο το σφράγισμα την πόνεσε την Γεωργία και αποφάσισε να σταματήσει να τρώει τόσα γλυκά,
337,S355,f_ovsb_masc,40,16,3,Οι γονείς του Γιάννη μας αγόρασαν ένα διαμέρισμα και τον γάμο τον πλήρωσαν οι γονείς μου,
338,S058,ovs_b,10,12,3,Ήθελα να φάω κάτι γλυκό άλλα το κέικ το έφαγε η Μαίρη,
339,S144,ovs_ba,10,19,3,Έβαψα τους τοίχους και το κάδρο το κρέμασε ο πατέρας στην είσοδο του σπιτιού για να το βλέπουν όλοι,
340,S290,svo_ba_neut,20,17,3,Την πρώτη μέρα στη δουλειά το σύστημα την μπέρδεψε την Σταυρούλα και έπρεπε να ρωτήσει πως λειτουργεί,
341,S075,ovs_b,10,13,3,Ήθελε να δοκιμάσει μια καινούρια συνταγή και το ψωμί το έφτιαξε ο Γιώργος,
342,S303,f_passive,40,11,3,Το πακέτο παραδόθηκε από τον ταχυδρόμο μπροστά στην πόρτα το πρωί,
343,S273,svo_ba_neut,20,15,3,Πεινούσε πάρα πολύ και το φαγητό τον έκαψε τον Χρήστο γιατί δεν περίμενε να κρυώσει,
344,S361,f_ovsa_fem,40,12,3,Την λαμπάδα την αγόρασε η νονά μου τελευταία στιγμή επειδή το ξέχασε,
345,S024,ovs_a,10,12,3,Το τζάμι το καθάρισε ο Κώστας με το σπρέι που αγόρασε χθες,
346,S023,ovs_a,10,12,3,Το περιοδικό το διάβασε η Μαρία στο διάλειμμα της όσο έτρωγε μεσημεριανό,
347,S366,f_ovsb_fem,40,13,3,Επειδή ξέρει μια φοβερή συνταγή για σάλτσα την μακαρονάδα την έφτιαξε ο Γρηγόρης ,
348,S154,svo_b_neut,20,11,3,Δεν έφαγε καλό πρωινό και το γυμναστήριο την κούρασε τη Γιώτα,
349,S274,svo_ba_neut,20,15,3,Λίγο πριν σχολάσει το μήνυμα την αναστάτωσε τη Λένα επειδή της φόρτωσαν κι άλλη δουλειά,
350,S169,svo_b_neut,20,12,3,Δεν κοιμήθηκε καλά το βράδυ και το μάθημα τον νανούρισε τον Γιώργο,
351,S314,f_passive,40,14,3,Η Χρύσα απολύθηκε από το αφεντικό της σήμερα επειδή κάθε μέρα αργούσε στη δουλειά,
352,Q_S314,f_passive,50,14,3,Η Χρύσα απολύθηκε επειδή αργούσε στη δουλειά?,ΝΑΙ
352,S036,ovs_a,10,13,3,Το λάπτοπ το πλήρωσε η Ελένη με δόσεις επειδή δεν είχε αρκετά λεφτά,
353,S205,svo_a_neut,20,11,3,Το βιβλίο τον απογοήτευσε τον Κώστα γιατί οι χαρακτήρες ήταν βαρετοί,
354,S209,svo_a_neut,20,11,3,Το τηλεχειριστήριο την εκνεύρισε τη Γιώτα γιατί δεν άλλαζε το κανάλι,
355,S385,f_svob_masc,40,15,3,Δεν είχαμε αρκετό χώρο να κοιμηθούμε όλοι και τελικά ο καναπές την βόλεψε την Ευτυχία,
356,S170,svo_b_neut,20,12,3,Σήμερα το πρωί ανέβασε πυρετό και το παυσίπονο τον ανακούφισε τον Θάνο,
357,S318,f_cleft,40,12,3,Ήταν ο Στέφανος που βοήθησε τον Μπάμπη με τις ασκήσεις της χημείας,
358,S026,ovs_a,10,12,3,Το μπουκάλι το γέμισε ο Γιάννης με νερό πριν πάει στην προπόνηση,
359,S001,ovs_a,10,10,3,Το διαγώνισμα το παρέδωσαν οι φοιτητές στα πρώτα δέκα λεπτά,
360,S174,svo_b_neut,20,13,3,Πεινούσε πάρα πολύ από το πρωί και το παστίτσιο τον ενθουσίασε τον Λεωνίδα,
361,S236,svo_a_neut,20,14,3,Το ηχείο τον ενόχλησε τον Τάσο γιατί ήταν ακριβό και δεν είχε καλό ήχο,
362,S389,f_svoba_masc,40,18,3,Ο χώρος τον αηδίασε τον Μιχάλη όταν μπήκε μέσα επειδή είχε πολύ καιρό να καθαριστεί και μύριζε άσχημα,
363,S345,f_ungrammatical,40,15,3,Η Δήμητρα έγραψε εξετάσεις πριν από δύο μήνα και ακόμα δεν έχουν βγει τα αποτελέσματα,
364,S256,svo_ba_neut,20,14,3,Το ορθογραφικό λάθος τον ζόρισε τον Αλέξη γιατί έπρεπε να διορθώσει όλα τα χαρτιά,
365,S085,ovs_b,10,14,3,Ήμουν πολύ κουρασμένος χθες μετά τη δουλειά και το φαγητό το μαγείρεψε η Ράνια,
366,S399,f_svob_fem,40,16,3,Ήταν πολύ βαριά για να την κουβαλήσει μόνος του και η τσάντα τον δυσκόλεψε τον Στέφανο  ,
367,S187,svo_b_neut,20,13,3,Ξέχασε ότι ήδη άναψε το μάτι και το τηγάνι την έκαψε την Κατερίνα,
368,S207,svo_a_neut,20,11,3,Το λεωφορείο τον τρόμαξε τον Σταμάτη επειδή πέρασε πολύ κοντά του,
369,S320,f_cleft,40,12,3,Ήταν η Αναστασία που έπαιζε ποδόσφαιρο από τότε που ήταν στο δημοτικό,
370,S358,f_ovsba_masc,40,17,3,Νόμιζε πως είχε γλυτώσει αλλά τον μπελά τον βρήκε η Καίτη όταν τα έμαθε η μαμά της,
371,S307,f_passive,40,13,3,Το σπίτι στο χωριό χτίστηκε από τον παππού μου πριν από πενήντα χρόνα,
372,S317,f_cleft,40,11,3,Ήταν ο Μάριος που άρχισε ξαφνικά να ασχολείται με την κηπουρική,
373,S029,ovs_a,10,12,3,Το πληκτρολόγιο το καθάρισε ο Χρήστος όταν είδε πόση βρωμιά είχε μαζέψει,
374,S202,svo_a_neut,20,11,3,Το πρόγραμμα την εκνεύρισε τη Νατάσα γιατί κολλούσε με το παραμικρό,
375,S368,f_ovsb_fem,40,15,3,Ο Μαρίνος συγκινήθηκε πάρα πολύ όταν έμαθε πως την τούρτα την έφτιαξε η αδερφή του,
376,S360,f_ovsba_masc,40,18,3,Δεν ήθελε να ξοδέψει λεφτά και τον φράχτη τον έβαψε ο μπαμπάς με μπογιές που περίσσεψαν από πέρσι,
377,S017,ovs_a,10,11,3,Το δωμάτιο το έκλεισε ο Αναστάσης έναν μήνα πριν πάει διακοπές,
378,S348,f_ovsa_masc,40,12,3,Τον υπολογιστή τον έφτιαξε ο Χρήστος μόνος του και γλύτωσε πολλά λεφτά,
379,Q_S348,f_ovsa_masc,50,12,3,Τον υπολογιστή τον έφτιαξε ο Χρήστος μόνος του?,ΝΑΙ
379,S265,svo_ba_neut,20,14,3,Όσο τηγάνιζε πατάτες το λάδι τον έκαψε τον Γιάννη και πετάχτηκε από τον πόνο,
380,S195,svo_b_neut,20,14,3,Νόμιζε ότι είχαμε ξεχάσει τα γενέθλιά του και το πάρτι τον ενθουσίασε τον Βασίλη,
381,S151,svo_b_neut,20,11,3,Ήταν αφηρημένος ακούγοντας μουσική και το ατύχημα τον τρόμαξε τον Πέτρο ,
382,S253,svo_ba_neut,20,13,3,Πριν φύγει για το ραντεβού το τηλεφώνημα την καθυστέρησε τη Δώρα αρκετά λεπτά,
383,S249,svo_a_neut,20,15,3,Το εμβόλιο τον πόνεσε τον Γιωργάκη πιο πολύ από ότι περίμενε και άρχισε να κλαίει ,
384,S068,ovs_b,10,13,3,Σήμερα μπόρεσα να κοιμηθώ παραπάνω επειδή το μαγαζί το άνοιξε ο γιος μου,
385,S133,ovs_ba,10,18,3,Η Μαρία δούλευε όλη τη μέρα και το σπίτι το συμμάζεψε η Γιώτα για να της κάνει έκπληξη,
386,S279,svo_ba_neut,20,16,3,Όσο περίμενε να περάσει τον δρόμο το φανάρι την εκνεύρισε την Αγγελική γιατί δε γινόταν πράσινο,
387,S006,ovs_a,10,11,3,Το βιβλίο το αγόρασε ο Γιάννης από ένα καινούριο βιβλιοπωλείο χτες,
388,S093,ovs_b,10,14,3,Δεν είχα σήμα στο κινητό μου και το βίντεο το ανέβασε η φίλη μου,
389,S138,ovs_ba,10,18,3,Δεν έβρισκε το πορτοφόλι της και το εισιτήριο το αγόρασε η Άννα λίγα λεπτά πριν φύγει το λεωφορείο ,
390,S018,ovs_a,10,11,3,Το αυτοκίνητο το πήγα στο συνεργείο επειδή δεν άναβε η μηχανή,
391,S213,svo_a_neut,20,12,3,Το τρακάρισμα τον σόκαρε τον Θανάση που πρώτη φορά έζησε κάτι τέτοιο,
392,S216,svo_a_neut,20,12,3,Το παράθυρο τον τρόμαξε τον Θάνο επειδή έκλεισε απότομα από τον αέρα ,
393,S074,ovs_b,10,13,3,Δεν ήθελε να ξοδέψει πολλά λεφτά και το αμάξι το έπλυνε ο Βασίλης,
394,S011,ovs_a,10,11,3,Το φαγητό το παρέδωσε ο ντελιβεράς χωρίς να μου πει λέξη,
395,S191,svo_b_neut,20,14,3,Φοβόταν πως είχαμε ξεχάσει τα γενέθλιά της και το δώρο τη χαροποίησε τη Γιώτα,
396,S384,f_svob_masc,40,15,3,Νόμιζα ότι κάποιος μου χτύπησε το αμάξι αλλά τελικά ο υαλοκαθαριστήρας το γρατσούνισε το τζάμι ,
397,S056,ovs_b,10,11,3,Κοιμόμουν στο άλλο δωμάτιο και το τηλέφωνο το σήκωσε η Μαρία,
398,S257,svo_ba_neut,20,14,3,Αφού γύρισε από το σχολείο το δώρο την περίμενε τη Χριστίνα στο δωμάτιό της ,
399,S258,svo_ba_neut,20,14,3,Όταν άνοιξε το κινητό του το μήνυμα τον παραξένεψε τον Δημήτρη και απάντησε αμέσως,
400,S309,f_passive,40,13,3,Ο Μάριος συγκινήθηκε από το βιβλίο που διάβαζε και σχεδόν έβαλε τα κλάματα,
401,S020,ovs_a,10,11,3,Το ποτό το πλήρωσε ο Μιχάλης επειδή ήθελε να με κεράσει,
402,S221,svo_a_neut,20,13,3,Το ποίημα τη συγκίνησε τη Λένα γιατί της θύμησε τα εφηβικά της χρόνια,
403,S126,ovs_ba,10,17,3,Όπως φεύγαμε από την καφετέρια το ποτήρι το πήρε η Βάσια μαζί της χωρίς να το καταλάβει,
404,S343,f_ungrammatical,40,14,3,Ο γιος μου παντρέυτηκε πέρσι μια κοπέλα από τη Γερμανία και μαθαίνει Γερμανικός τώρα,
405,S301,f_passive,40,10,3,Η παλιά πολυκατοικία γκρεμίστηκε από τους εργάτες χτες το απόγευμα,
